{"v":"5.7.5","fr":100,"ip":0,"op":112,"w":500,"h":500,"nm":"145-envelope-mail-notification-open-morph-outline","ddd":0,"assets":[],"layers":[{"ddd":0,"ind":1,"ty":3,"nm":"NULL","sr":1,"ks":{"o":{"a":0,"k":0,"ix":11},"r":{"a":0,"k":0,"ix":10},"p":{"a":0,"k":[250,250,0],"ix":2,"l":2},"a":{"a":0,"k":[60,60,0],"ix":1,"l":2},"s":{"a":0,"k":[370,370,100],"ix":6,"l":2}},"ao":0,"ip":500,"op":500,"st":0,"bm":0,"hidden":0},{"ddd":0,"ind":2,"ty":4,"nm":"Shape Layer 3","parent":3,"td":1,"sr":1,"ks":{"o":{"a":0,"k":100,"ix":11},"r":{"a":0,"k":0,"ix":10},"p":{"a":0,"k":[0.502,9.914,0],"ix":2,"l":2},"a":{"a":0,"k":[0,0,0],"ix":1,"l":2},"s":{"a":0,"k":[100,100,100],"ix":6,"l":2}},"ao":0,"shapes":[{"ty":"gr","it":[{"ind":0,"ty":"sh","ix":1,"ks":{"a":1,"k":[{"i":{"x":0.3,"y":1},"o":{"x":0.333,"y":0},"t":25,"s":[{"i":[[0,0],[0,0],[0,0]],"o":[[0,0],[0,0],[0,0]],"v":[[-37.75,-23],[-0.25,14.75],[33.75,-21.25]],"c":true}]},{"t":60,"s":[{"i":[[0,0],[0,0],[0,0]],"o":[[0,0],[0,0],[0,0]],"v":[[-37.763,-25.5],[-0.216,-58.103],[33.789,-24.145]],"c":true}]}],"ix":2},"nm":"Path 1","mn":"ADBE Vector Shape - Group","hd":false},{"ty":"st","c":{"a":0,"k":[0,0,0,1],"ix":3},"o":{"a":0,"k":100,"ix":4},"w":{"a":0,"k":0,"ix":5},"lc":1,"lj":1,"ml":4,"bm":0,"nm":"Stroke 1","mn":"ADBE Vector Graphic - Stroke","hd":false},{"ty":"rd","nm":"Round Corners 1","r":{"a":0,"k":12,"ix":1},"ix":3,"mn":"ADBE Vector Filter - RC","hd":false},{"ty":"fl","c":{"a":0,"k":[0,0,0,0],"ix":4},"o":{"a":0,"k":100,"ix":5},"r":1,"bm":0,"nm":"Fill 1","mn":"ADBE Vector Graphic - Fill","hd":false},{"ty":"tr","p":{"a":0,"k":[0,0],"ix":2},"a":{"a":0,"k":[0,0],"ix":1},"s":{"a":0,"k":[100,100],"ix":3},"r":{"a":0,"k":0,"ix":6},"o":{"a":0,"k":100,"ix":7},"sk":{"a":0,"k":0,"ix":4},"sa":{"a":0,"k":0,"ix":5},"nm":"Transform"}],"nm":"Shape 1","np":4,"cix":2,"bm":0,"ix":1,"mn":"ADBE Vector Group","hd":false}],"ip":0,"op":500,"st":0,"bm":0},{"ddd":0,"ind":3,"ty":4,"nm":"Shape Layer 2","parent":8,"tt":2,"sr":1,"ks":{"o":{"a":0,"k":100,"ix":11},"r":{"a":0,"k":0,"ix":10},"p":{"a":0,"k":[0.002,9.414,0],"ix":2,"l":2},"a":{"a":0,"k":[0.002,9.414,0],"ix":1,"l":2},"s":{"a":0,"k":[100,100,100],"ix":6,"l":2}},"ao":0,"shapes":[{"ty":"gr","it":[{"ind":0,"ty":"sh","ix":1,"ks":{"a":0,"k":{"i":[[0,0],[0,0],[0,0]],"o":[[0,0],[0,0],[0,0]],"v":[[-41.25,30.25],[0.125,-5.625],[41.75,30.609]],"c":false},"ix":2},"nm":"Path 2","mn":"ADBE Vector Shape - Group","hd":false},{"ty":"st","c":{"a":0,"k":[0,0,0,1],"ix":3},"o":{"a":0,"k":100,"ix":4},"w":{"a":0,"k":3,"ix":5},"lc":2,"lj":2,"bm":0,"nm":"Stroke 1","mn":"ADBE Vector Graphic - Stroke","hd":false},{"ty":"rd","nm":"Round Corners 1","r":{"a":0,"k":27,"ix":1},"ix":3,"mn":"ADBE Vector Filter - RC","hd":false},{"ty":"tm","s":{"a":0,"k":100,"ix":1},"e":{"a":0,"k":0,"ix":2},"o":{"a":0,"k":-179,"ix":3},"m":1,"ix":4,"nm":"Trim Paths 1","mn":"ADBE Vector Filter - Trim","hd":false},{"ty":"tr","p":{"a":0,"k":[0,0],"ix":2},"a":{"a":0,"k":[0,0],"ix":1},"s":{"a":0,"k":[100,100],"ix":3},"r":{"a":0,"k":0,"ix":6},"o":{"a":0,"k":100,"ix":7},"sk":{"a":0,"k":0,"ix":4},"sa":{"a":0,"k":0,"ix":5},"nm":"Transform"}],"nm":"Shape 3","np":4,"cix":2,"bm":0,"ix":1,"mn":"ADBE Vector Group","hd":false}],"ip":0,"op":500,"st":0,"bm":0},{"ddd":0,"ind":4,"ty":4,"nm":"Shape Layer 6","parent":8,"td":1,"sr":1,"ks":{"o":{"a":0,"k":100,"ix":11},"r":{"a":0,"k":0,"ix":10},"p":{"a":0,"k":[0.752,-4.586,0],"ix":2,"l":2},"a":{"a":0,"k":[0,0,0],"ix":1,"l":2},"s":{"a":0,"k":[100,100,100],"ix":6,"l":2}},"ao":0,"shapes":[{"ty":"gr","it":[{"ind":0,"ty":"sh","ix":1,"ks":{"a":0,"k":{"i":[[0,0],[0,0],[0,0],[0,0],[0,0],[0,0],[0,0]],"o":[[0,0],[0,0],[0,0],[0,0],[0,0],[0,0],[0,0]],"v":[[42,-66],[-43.5,-66],[-43.5,-14.5],[-15.5,13.5],[0.5,8.25],[14.875,12.875],[42,-14.25]],"c":true},"ix":2},"nm":"Path 1","mn":"ADBE Vector Shape - Group","hd":false},{"ty":"st","c":{"a":0,"k":[0,0,0,0],"ix":3},"o":{"a":0,"k":100,"ix":4},"w":{"a":0,"k":0,"ix":5},"lc":1,"lj":1,"ml":4,"bm":0,"nm":"Stroke 1","mn":"ADBE Vector Graphic - Stroke","hd":false},{"ty":"fl","c":{"a":0,"k":[0,0,0,0],"ix":4},"o":{"a":0,"k":100,"ix":5},"r":1,"bm":0,"nm":"Fill 1","mn":"ADBE Vector Graphic - Fill","hd":false},{"ty":"tr","p":{"a":0,"k":[0,0],"ix":2},"a":{"a":0,"k":[0,0],"ix":1},"s":{"a":0,"k":[100,100],"ix":3},"r":{"a":0,"k":0,"ix":6},"o":{"a":0,"k":100,"ix":7},"sk":{"a":0,"k":0,"ix":4},"sa":{"a":0,"k":0,"ix":5},"nm":"Transform"}],"nm":"Shape 1","np":3,"cix":2,"bm":0,"ix":1,"mn":"ADBE Vector Group","hd":false}],"ip":0,"op":500,"st":0,"bm":0},{"ddd":0,"ind":5,"ty":4,"nm":"Shape Layer 4","parent":1,"tt":1,"sr":1,"ks":{"o":{"a":0,"k":100,"ix":11},"r":{"a":0,"k":0,"ix":10},"p":{"a":1,"k":[{"i":{"x":0.28,"y":1},"o":{"x":0.167,"y":0.167},"t":46,"s":[60,97.5,0],"to":[0,-6.667,0],"ti":[0,6.25,0]},{"i":{"x":0.667,"y":1},"o":{"x":0.72,"y":0},"t":71,"s":[60,57.5,0],"to":[0.125,1.625,0],"ti":[0,-0.417,0]},{"t":85,"s":[60,60,0]}],"ix":2,"l":2},"a":{"a":0,"k":[0,0,0],"ix":1,"l":2},"s":{"a":0,"k":[100,100,100],"ix":6,"l":2}},"ao":0,"shapes":[{"ty":"gr","it":[{"ind":0,"ty":"sh","ix":1,"ks":{"a":1,"k":[{"i":{"x":0,"y":1},"o":{"x":0.167,"y":0.167},"t":70,"s":[{"i":[[0,0],[0,0]],"o":[[0,0],[0,0]],"v":[[-37.5,2.469],[-37.5,2.422]],"c":false}]},{"t":111,"s":[{"i":[[0,0],[0,0]],"o":[[0,0],[0,0]],"v":[[-26.625,2.422],[26.875,2.438]],"c":false}]}],"ix":2},"nm":"Path 6","mn":"ADBE Vector Shape - Group","hd":false},{"ind":1,"ty":"sh","ix":2,"ks":{"a":1,"k":[{"i":{"x":0,"y":1},"o":{"x":0.167,"y":0.167},"t":64,"s":[{"i":[[0,0],[0,0]],"o":[[0,0],[0,0]],"v":[[-37.5,-4.484],[-37.5,-4.531]],"c":false}]},{"t":104.73046875,"s":[{"i":[[0,0],[0,0]],"o":[[0,0],[0,0]],"v":[[-26.625,-4.531],[26.875,-4.516]],"c":false}]}],"ix":2},"nm":"Path 4","mn":"ADBE Vector Shape - Group","hd":false},{"ind":2,"ty":"sh","ix":3,"ks":{"a":1,"k":[{"i":{"x":0,"y":1},"o":{"x":0.167,"y":0.167},"t":57,"s":[{"i":[[0,0],[0,0]],"o":[[0,0],[0,0]],"v":[[-37.5,-11.5],[-37.625,-11.516]],"c":false}]},{"t":98.46484375,"s":[{"i":[[0,0],[0,0]],"o":[[0,0],[0,0]],"v":[[-26.625,-11.547],[26.875,-11.531]],"c":false}]}],"ix":2},"nm":"Path 2","mn":"ADBE Vector Shape - Group","hd":false},{"ind":3,"ty":"sh","ix":4,"ks":{"a":1,"k":[{"i":{"x":0,"y":1},"o":{"x":0.167,"y":0.167},"t":51,"s":[{"i":[[0,0],[0,0]],"o":[[0,0],[0,0]],"v":[[-37.5,-18.453],[-37.5,-18.422]],"c":false}]},{"t":92.21484375,"s":[{"i":[[0,0],[0,0]],"o":[[0,0],[0,0]],"v":[[-26.625,-18.5],[26.875,-18.484]],"c":false}]}],"ix":2},"nm":"Path 3","mn":"ADBE Vector Shape - Group","hd":false},{"ind":4,"ty":"sh","ix":5,"ks":{"a":1,"k":[{"i":{"x":0,"y":1},"o":{"x":0.167,"y":0.167},"t":46,"s":[{"i":[[0,0],[0,0]],"o":[[0,0],[0,0]],"v":[[-37.5,-25.453],[-37.625,-25.453]],"c":false}]},{"t":86,"s":[{"i":[[0,0],[0,0]],"o":[[0,0],[0,0]],"v":[[-26.625,-25.5],[1,-25.5]],"c":false}]}],"ix":2},"nm":"Path 1","mn":"ADBE Vector Shape - Group","hd":false},{"ty":"st","c":{"a":0,"k":[0.00392156862745098,0.43529411764705883,0.7254901960784313,1],"ix":3},"o":{"a":0,"k":100,"ix":4},"w":{"a":0,"k":3,"ix":5},"lc":2,"lj":2,"bm":0,"nm":"Stroke 1","mn":"ADBE Vector Graphic - Stroke","hd":false},{"ty":"tr","p":{"a":0,"k":[0,0],"ix":2},"a":{"a":0,"k":[0,0],"ix":1},"s":{"a":0,"k":[100,100],"ix":3},"r":{"a":0,"k":0,"ix":6},"o":{"a":0,"k":100,"ix":7},"sk":{"a":0,"k":0,"ix":4},"sa":{"a":0,"k":0,"ix":5},"nm":"Transform"}],"nm":"Shape 2","np":6,"cix":2,"bm":0,"ix":1,"mn":"ADBE Vector Group","hd":false},{"ty":"gr","it":[{"ind":0,"ty":"sh","ix":1,"ks":{"a":0,"k":{"i":[[0,0],[0,0],[0,0],[0,0]],"o":[[0,0],[0,0],[0,0],[0,0]],"v":[[-37.5,23.469],[-37.5,-37.563],[36.469,-37.531],[36.469,24.25]],"c":false},"ix":2},"nm":"Path 1","mn":"ADBE Vector Shape - Group","hd":false},{"ty":"st","c":{"a":0,"k":[0.00392156862745098,0.43529411764705883,0.7254901960784313,1],"ix":3},"o":{"a":0,"k":100,"ix":4},"w":{"a":0,"k":3,"ix":5},"lc":2,"lj":2,"bm":0,"nm":"Stroke 1","mn":"ADBE Vector Graphic - Stroke","hd":false},{"ty":"tr","p":{"a":0,"k":[0,0],"ix":2},"a":{"a":0,"k":[0,0],"ix":1},"s":{"a":0,"k":[100,100],"ix":3},"r":{"a":0,"k":0,"ix":6},"o":{"a":0,"k":100,"ix":7},"sk":{"a":0,"k":0,"ix":4},"sa":{"a":0,"k":0,"ix":5},"nm":"Transform"}],"nm":"Shape 1","np":2,"cix":2,"bm":0,"ix":2,"mn":"ADBE Vector Group","hd":false}],"ip":46,"op":500,"st":0,"bm":0},{"ddd":0,"ind":6,"ty":4,"nm":"Shape Layer 7","parent":1,"sr":1,"ks":{"o":{"a":0,"k":100,"ix":11},"r":{"a":1,"k":[{"i":{"x":[0.3],"y":[1]},"o":{"x":[0.167],"y":[0.167]},"t":0,"s":[0]},{"i":{"x":[0.3],"y":[1]},"o":{"x":[0.7],"y":[0]},"t":13,"s":[-2]},{"i":{"x":[0.667],"y":[1]},"o":{"x":[0.7],"y":[0]},"t":38,"s":[5]},{"t":63,"s":[0]}],"ix":10},"p":{"a":1,"k":[{"i":{"x":0.667,"y":1},"o":{"x":0.333,"y":0},"t":0,"s":[59.5,59.5,0],"to":[0,0,0],"ti":[0,0,0]},{"i":{"x":0.243,"y":0.996},"o":{"x":0.333,"y":0},"t":13,"s":[59.5,64.5,0],"to":[0,0,0],"ti":[0,0,0]},{"i":{"x":0.753,"y":1},"o":{"x":0.714,"y":0.003},"t":38,"s":[59.5,59.5,0],"to":[-0.042,2.833,0],"ti":[0.042,-2.417,0]},{"i":{"x":0.545,"y":1},"o":{"x":0.389,"y":0.002},"t":63,"s":[59.25,76.5,0],"to":[0.021,-2.146,0],"ti":[0,0.417,0]},{"t":79,"s":[59.25,74,0]}],"ix":2,"l":2},"a":{"a":0,"k":[0.002,9.414,0],"ix":1,"l":2},"s":{"a":1,"k":[{"i":{"x":[0.3,0.3,0.3],"y":[1,1,1]},"o":{"x":[0.167,0.167,0.167],"y":[0.167,0.167,0]},"t":0,"s":[100,100,100]},{"i":{"x":[0.3,0.3,0.3],"y":[1,1,1]},"o":{"x":[0.7,0.7,0.7],"y":[0,0,0]},"t":13,"s":[95,95,100]},{"i":{"x":[0.28,0.28,0.28],"y":[1,1,1]},"o":{"x":[0.7,0.7,0.7],"y":[0,0,0]},"t":38,"s":[105,105,100]},{"i":{"x":[0.833,0.833,0.833],"y":[1,1,1]},"o":{"x":[0.72,0.72,0.72],"y":[0,0,0]},"t":63,"s":[95,95,100]},{"t":79,"s":[100,100,100]}],"ix":6,"l":2}},"ao":0,"shapes":[{"ty":"gr","it":[{"ind":0,"ty":"sh","ix":1,"ks":{"a":0,"k":{"i":[[0,0],[0,0],[0,0]],"o":[[0,0],[0,0],[0,0]],"v":[[38.435,-14.887],[0,23.621],[-38.006,-14.467]],"c":false},"ix":2},"nm":"Path 1","mn":"ADBE Vector Shape - Group","hd":false},{"ty":"st","c":{"a":0,"k":[0.00392156862745098,0.43529411764705883,0.7254901960784313,1],"ix":3},"o":{"a":1,"k":[{"t":20.832,"s":[0],"h":1},{"t":29.16796875,"s":[100],"h":1}],"ix":4},"w":{"a":0,"k":3,"ix":5},"lc":2,"lj":2,"bm":0,"nm":"Stroke 1","mn":"ADBE Vector Graphic - Stroke","hd":false},{"ty":"rd","nm":"Round Corners 1","r":{"a":0,"k":27,"ix":1},"ix":3,"mn":"ADBE Vector Filter - RC","hd":false},{"ty":"tm","s":{"a":0,"k":16,"ix":1},"e":{"a":0,"k":84,"ix":2},"o":{"a":0,"k":-179,"ix":3},"m":1,"ix":4,"nm":"Trim Paths 1","mn":"ADBE Vector Filter - Trim","hd":false},{"ty":"tr","p":{"a":0,"k":[0,0],"ix":2},"a":{"a":0,"k":[0,0],"ix":1},"s":{"a":0,"k":[100,100],"ix":3},"r":{"a":0,"k":0,"ix":6},"o":{"a":0,"k":100,"ix":7},"sk":{"a":0,"k":0,"ix":4},"sa":{"a":0,"k":0,"ix":5},"nm":"Transform"}],"nm":"Shape 4","np":4,"cix":2,"bm":0,"ix":1,"mn":"ADBE Vector Group","hd":false}],"ip":47,"op":500,"st":0,"bm":0},{"ddd":0,"ind":7,"ty":4,"nm":"Shape Layer 5","parent":1,"td":1,"sr":1,"ks":{"o":{"a":0,"k":100,"ix":11},"r":{"a":0,"k":0,"ix":10},"p":{"a":0,"k":[60,60,0],"ix":2,"l":2},"a":{"a":0,"k":[0,0,0],"ix":1,"l":2},"s":{"a":0,"k":[100,100,100],"ix":6,"l":2}},"ao":0,"shapes":[{"ty":"gr","it":[{"ind":0,"ty":"sh","ix":1,"ks":{"a":1,"k":[{"i":{"x":0.28,"y":1},"o":{"x":0.167,"y":0.167},"t":46,"s":[{"i":[[0,0],[0,0],[0,0],[0,0]],"o":[[0,0],[0,0],[0,0],[0,0]],"v":[[36.5,0.375],[-37.5,0.375],[-36.75,14.125],[36.5,14.125]],"c":true}]},{"i":{"x":0.667,"y":1},"o":{"x":0.72,"y":0},"t":71,"s":[{"i":[[0,0],[0,0],[0,0],[0,0]],"o":[[0,0],[0,0],[0,0],[0,0]],"v":[[36.5,-40.125],[-37.5,-40.125],[-36.75,14.125],[36.5,14.125]],"c":true}]},{"t":85,"s":[{"i":[[0,0],[0,0],[0,0],[0,0]],"o":[[0,0],[0,0],[0,0],[0,0]],"v":[[36.5,-37.5],[-37.5,-37.5],[-36.75,14.125],[36.5,14.125]],"c":true}]}],"ix":2},"nm":"Path 1","mn":"ADBE Vector Shape - Group","hd":false},{"ty":"fl","c":{"a":0,"k":[0,0,0,0],"ix":4},"o":{"a":0,"k":100,"ix":5},"r":1,"bm":0,"nm":"Fill 1","mn":"ADBE Vector Graphic - Fill","hd":false},{"ty":"tr","p":{"a":0,"k":[0,0],"ix":2},"a":{"a":0,"k":[0,0],"ix":1},"s":{"a":0,"k":[100,100],"ix":3},"r":{"a":0,"k":0,"ix":6},"o":{"a":0,"k":100,"ix":7},"sk":{"a":0,"k":0,"ix":4},"sa":{"a":0,"k":0,"ix":5},"nm":"Transform"}],"nm":"Shape 1","np":2,"cix":2,"bm":0,"ix":1,"mn":"ADBE Vector Group","hd":false}],"ip":46,"op":500,"st":0,"bm":0},{"ddd":0,"ind":8,"ty":4,"nm":"Shape Layer 1","parent":1,"tt":2,"sr":1,"ks":{"o":{"a":0,"k":100,"ix":11},"r":{"a":1,"k":[{"i":{"x":[0.3],"y":[1]},"o":{"x":[0.167],"y":[0.167]},"t":0,"s":[0]},{"i":{"x":[0.3],"y":[1]},"o":{"x":[0.7],"y":[0]},"t":13,"s":[-2]},{"i":{"x":[0.667],"y":[1]},"o":{"x":[0.7],"y":[0]},"t":38,"s":[5]},{"t":63,"s":[0]}],"ix":10},"p":{"a":1,"k":[{"i":{"x":0.667,"y":1},"o":{"x":0.333,"y":0},"t":0,"s":[59.5,59.5,0],"to":[0,0,0],"ti":[0,0,0]},{"i":{"x":0.243,"y":0.996},"o":{"x":0.333,"y":0},"t":13,"s":[59.5,64.5,0],"to":[0,0,0],"ti":[0,0,0]},{"i":{"x":0.753,"y":1},"o":{"x":0.714,"y":0.003},"t":38,"s":[59.5,59.5,0],"to":[-0.042,2.833,0],"ti":[0.042,-2.417,0]},{"i":{"x":0.545,"y":1},"o":{"x":0.389,"y":0.002},"t":63,"s":[59.25,76.5,0],"to":[0.021,-2.146,0],"ti":[0,0.417,0]},{"t":79,"s":[59.25,74,0]}],"ix":2,"l":2},"a":{"a":0,"k":[0.002,9.414,0],"ix":1,"l":2},"s":{"a":1,"k":[{"i":{"x":[0.3,0.3,0.3],"y":[1,1,1]},"o":{"x":[0.167,0.167,0.167],"y":[0.167,0.167,0]},"t":0,"s":[100,100,100]},{"i":{"x":[0.3,0.3,0.3],"y":[1,1,1]},"o":{"x":[0.7,0.7,0.7],"y":[0,0,0]},"t":13,"s":[95,95,100]},{"i":{"x":[0.28,0.28,0.28],"y":[1,1,1]},"o":{"x":[0.7,0.7,0.7],"y":[0,0,0]},"t":38,"s":[105,105,100]},{"i":{"x":[0.833,0.833,0.833],"y":[1,1,1]},"o":{"x":[0.72,0.72,0.72],"y":[0,0,0]},"t":63,"s":[95,95,100]},{"t":79,"s":[100,100,100]}],"ix":6,"l":2}},"ao":0,"shapes":[{"ty":"gr","it":[{"ind":0,"ty":"sh","ix":1,"ks":{"a":0,"k":{"i":[[0,0],[0,0],[0,0],[0,0]],"o":[[0,0],[0,0],[0,0],[0,0]],"v":[[-42.984,-19.57],[-42.984,37.414],[43.055,37.414],[43.055,-19.563]],"c":true},"ix":2},"nm":"Path 1","mn":"ADBE Vector Shape - Group","hd":false},{"ty":"st","c":{"a":0,"k":[0,0,0,1],"ix":3},"o":{"a":0,"k":100,"ix":4},"w":{"a":0,"k":3,"ix":5},"lc":2,"lj":2,"bm":0,"nm":"Stroke 1","mn":"ADBE Vector Graphic - Stroke","hd":false},{"ty":"tr","p":{"a":0,"k":[0,0],"ix":2},"a":{"a":0,"k":[0,0],"ix":1},"s":{"a":0,"k":[100,100],"ix":3},"r":{"a":0,"k":0,"ix":6},"o":{"a":0,"k":100,"ix":7},"sk":{"a":0,"k":0,"ix":4},"sa":{"a":0,"k":0,"ix":5},"nm":"Transform"}],"nm":"Shape 1","np":2,"cix":2,"bm":0,"ix":1,"mn":"ADBE Vector Group","hd":false},{"ty":"gr","it":[{"ind":0,"ty":"sh","ix":1,"ks":{"a":1,"k":[{"i":{"x":0.28,"y":1},"o":{"x":0.333,"y":0},"t":25,"s":[{"i":[[0,0],[0,0],[0,0]],"o":[[0,0],[0,0],[0,0]],"v":[[-42.379,-18.836],[0,23.625],[42.375,-18.824]],"c":false}]},{"t":63,"s":[{"i":[[0,0],[0,0],[0,0]],"o":[[0,0],[0,0],[0,0]],"v":[[-42.379,-18.836],[-0.002,-54.3],[42.375,-18.824]],"c":false}]}],"ix":2},"nm":"Path 1","mn":"ADBE Vector Shape - Group","hd":false},{"ty":"rd","nm":"Round Corners 1","r":{"a":0,"k":10,"ix":1},"ix":2,"mn":"ADBE Vector Filter - RC","hd":false},{"ty":"st","c":{"a":0,"k":[0,0,0,1],"ix":3},"o":{"a":0,"k":100,"ix":4},"w":{"a":0,"k":3,"ix":5},"lc":2,"lj":2,"bm":0,"nm":"Stroke 1","mn":"ADBE Vector Graphic - Stroke","hd":false},{"ty":"tr","p":{"a":0,"k":[0,0],"ix":2},"a":{"a":0,"k":[0,0],"ix":1},"s":{"a":0,"k":[100,100],"ix":3},"r":{"a":0,"k":0,"ix":6},"o":{"a":0,"k":100,"ix":7},"sk":{"a":0,"k":0,"ix":4},"sa":{"a":0,"k":0,"ix":5},"nm":"Transform"}],"nm":"Shape 2","np":3,"cix":2,"bm":0,"ix":2,"mn":"ADBE Vector Group","hd":false},{"ty":"gr","it":[{"ind":0,"ty":"sh","ix":1,"ks":{"a":0,"k":{"i":[[0,0],[0,0],[0,0]],"o":[[0,0],[0,0],[0,0]],"v":[[42.379,-18.832],[0,23.621],[-42.375,-18.836]],"c":false},"ix":2},"nm":"Path 1","mn":"ADBE Vector Shape - Group","hd":false},{"ty":"st","c":{"a":0,"k":[0.00392156862745098,0.43529411764705883,0.7254901960784313,1],"ix":3},"o":{"a":1,"k":[{"t":20.832,"s":[0],"h":1},{"t":29.16796875,"s":[100],"h":1}],"ix":4},"w":{"a":0,"k":3,"ix":5},"lc":2,"lj":2,"bm":0,"nm":"Stroke 1","mn":"ADBE Vector Graphic - Stroke","hd":false},{"ty":"rd","nm":"Round Corners 1","r":{"a":0,"k":27,"ix":1},"ix":3,"mn":"ADBE Vector Filter - RC","hd":false},{"ty":"tm","s":{"a":0,"k":15,"ix":1},"e":{"a":0,"k":83,"ix":2},"o":{"a":0,"k":-179,"ix":3},"m":1,"ix":4,"nm":"Trim Paths 1","mn":"ADBE Vector Filter - Trim","hd":false},{"ty":"tr","p":{"a":0,"k":[0,0],"ix":2},"a":{"a":0,"k":[0,0],"ix":1},"s":{"a":0,"k":[100,100],"ix":3},"r":{"a":0,"k":0,"ix":6},"o":{"a":0,"k":100,"ix":7},"sk":{"a":0,"k":0,"ix":4},"sa":{"a":0,"k":0,"ix":5},"nm":"Transform"}],"nm":"Shape 4","np":4,"cix":2,"bm":0,"ix":3,"mn":"ADBE Vector Group","hd":false}],"ip":0,"op":500,"st":0,"bm":0}],"markers":[{"tm":12.5,"cm":"1","dr":0},{"tm":29.16796875,"cm":"2","dr":0},{"tm":45.83203125,"cm":"3","dr":0},{"tm":95.83203125,"cm":"4","dr":0}]}