{"v":"5.7.6","fr":60,"ip":0,"op":121,"w":500,"h":500,"nm":"1374-cash-register-outline","ddd":0,"assets":[],"layers":[{"ddd":0,"ind":1,"ty":4,"nm":"drawer","parent":2,"sr":1,"ks":{"o":{"a":0,"k":100,"ix":11},"r":{"a":0,"k":0,"ix":10},"p":{"a":0,"k":[250,376.761,0],"ix":2,"l":2},"a":{"a":0,"k":[250,376.761,0],"ix":1,"l":2},"s":{"a":0,"k":[100,100,100],"ix":6,"l":2}},"ao":0,"shapes":[{"ty":"gr","it":[{"ind":0,"ty":"sh","ix":1,"ks":{"a":1,"k":[{"i":{"x":0.2,"y":1},"o":{"x":0.333,"y":0},"t":0,"s":[{"i":[[0,0],[0,0]],"o":[[0,0],[0,0]],"v":[[0,0],[0,0]],"c":false}]},{"i":{"x":0.833,"y":0.833},"o":{"x":0.8,"y":0},"t":60,"s":[{"i":[[0,0],[0,0]],"o":[[0,0],[0,0]],"v":[[0,65],[0,65]],"c":false}]},{"t":102,"s":[{"i":[[0,0],[0,0]],"o":[[0,0],[0,0]],"v":[[0,0],[0,0]],"c":false}]}],"ix":2},"nm":"Path 1","mn":"ADBE Vector Shape - Group","hd":false},{"ty":"st","c":{"a":0,"k":[0.00392156862745098,0.43529411764705883,0.7254901960784313,1],"ix":3},"o":{"a":0,"k":100,"ix":4},"w":{"a":0,"k":18,"ix":5},"lc":2,"lj":2,"bm":0,"nm":"Stroke 1","mn":"ADBE Vector Graphic - Stroke","hd":false},{"ty":"tr","p":{"a":0,"k":[250,376.761],"ix":2},"a":{"a":0,"k":[0,0],"ix":1},"s":{"a":0,"k":[100,100],"ix":3},"r":{"a":0,"k":0,"ix":6},"o":{"a":0,"k":100,"ix":7},"sk":{"a":0,"k":0,"ix":4},"sa":{"a":0,"k":0,"ix":5},"nm":"Transform"}],"nm":"Group 1","np":2,"cix":2,"bm":0,"ix":1,"mn":"ADBE Vector Group","hd":false},{"ty":"gr","it":[{"ty":"gr","it":[{"ind":0,"ty":"sh","ix":1,"ks":{"a":1,"k":[{"i":{"x":0.2,"y":1},"o":{"x":0.333,"y":0},"t":0,"s":[{"i":[[0,0],[0,0]],"o":[[0,0],[0,0]],"v":[[224.818,-33.5],[224.697,-34]],"c":false}]},{"i":{"x":0.833,"y":0.833},"o":{"x":0.8,"y":0},"t":60,"s":[{"i":[[0,0],[0,0]],"o":[[0,0],[0,0]],"v":[[224.818,-33.5],[224.848,18]],"c":false}]},{"t":102,"s":[{"i":[[0,0],[0,0]],"o":[[0,0],[0,0]],"v":[[224.818,-33.5],[224.697,-34]],"c":false}]}],"ix":2},"nm":"Path 1","mn":"ADBE Vector Shape - Group","hd":false},{"ind":1,"ty":"sh","ix":2,"ks":{"a":1,"k":[{"i":{"x":0.2,"y":1},"o":{"x":0.333,"y":0},"t":0,"s":[{"i":[[0,0],[0,0]],"o":[[0,0],[0,0]],"v":[[-55.182,-33.5],[-55.303,-34]],"c":false}]},{"i":{"x":0.833,"y":0.833},"o":{"x":0.8,"y":0},"t":60,"s":[{"i":[[0,0],[0,0]],"o":[[0,0],[0,0]],"v":[[-55.182,-33.5],[-55.152,18]],"c":false}]},{"t":102,"s":[{"i":[[0,0],[0,0]],"o":[[0,0],[0,0]],"v":[[-55.182,-33.5],[-55.303,-34]],"c":false}]}],"ix":2},"nm":"Path 3","mn":"ADBE Vector Shape - Group","hd":false},{"ind":2,"ty":"sh","ix":3,"ks":{"a":1,"k":[{"i":{"x":0.2,"y":1},"o":{"x":0.333,"y":0},"t":0,"s":[{"i":[[0,0],[0,0],[0,0],[0,0]],"o":[[0,0],[0,0],[0,0],[0,0]],"v":[[245.252,-33.261],[224.752,-33.022],[-55.182,-33.5],[-74.326,-33]],"c":false}]},{"i":{"x":0.833,"y":0.833},"o":{"x":0.8,"y":0},"t":60,"s":[{"i":[[0,0],[0,0],[0,0],[0,0]],"o":[[0,0],[0,0],[0,0],[0,0]],"v":[[306.752,18.739],[224.752,-33.022],[-55.182,-33.5],[-136.326,18.5]],"c":false}]},{"t":102,"s":[{"i":[[0,0],[0,0],[0,0],[0,0]],"o":[[0,0],[0,0],[0,0],[0,0]],"v":[[245.252,-33.261],[224.752,-33.022],[-55.182,-33.5],[-74.326,-33]],"c":false}]}],"ix":2},"nm":"Path 2","mn":"ADBE Vector Shape - Group","hd":false},{"ty":"st","c":{"a":0,"k":[0.2,0.2,0.2,1],"ix":3},"o":{"a":0,"k":100,"ix":4},"w":{"a":0,"k":12,"ix":5},"lc":2,"lj":2,"bm":0,"nm":"Stroke 1","mn":"ADBE Vector Graphic - Stroke","hd":false},{"ty":"tr","p":{"a":0,"k":[165.248,376.761],"ix":2},"a":{"a":0,"k":[0,0],"ix":1},"s":{"a":0,"k":[100,100],"ix":3},"r":{"a":0,"k":0,"ix":6},"o":{"a":1,"k":[{"t":-17,"s":[0],"h":1},{"t":2,"s":[100],"h":1},{"t":100,"s":[0],"h":1}],"ix":7},"sk":{"a":0,"k":0,"ix":4},"sa":{"a":0,"k":0,"ix":5},"nm":"Transform"}],"nm":"Group 1","np":4,"cix":2,"bm":0,"ix":1,"mn":"ADBE Vector Group","hd":false},{"ty":"tr","p":{"a":0,"k":[334.752,376.761],"ix":2},"a":{"a":0,"k":[334.752,376.761],"ix":1},"s":{"a":0,"k":[100,100],"ix":3},"r":{"a":0,"k":0,"ix":6},"o":{"a":0,"k":100,"ix":7},"sk":{"a":0,"k":0,"ix":4},"sa":{"a":0,"k":0,"ix":5},"nm":"Transform"}],"nm":"Group 3","np":1,"cix":2,"bm":0,"ix":2,"mn":"ADBE Vector Group","hd":false},{"ty":"gr","it":[{"ty":"gr","it":[{"ind":0,"ty":"sh","ix":1,"ks":{"a":1,"k":[{"i":{"x":0.2,"y":1},"o":{"x":0.333,"y":0},"t":0,"s":[{"i":[[0,0],[0,0]],"o":[[0,0],[0,0]],"v":[[45.13,0],[-45.13,0]],"c":false}]},{"i":{"x":0.833,"y":0.833},"o":{"x":0.8,"y":0},"t":60,"s":[{"i":[[0,0],[0,0]],"o":[[0,0],[0,0]],"v":[[29.818,65],[-95.326,65]],"c":false}]},{"t":102,"s":[{"i":[[0,0],[0,0]],"o":[[0,0],[0,0]],"v":[[45.13,0],[-45.13,0]],"c":false}]}],"ix":2},"nm":"Path 1","mn":"ADBE Vector Shape - Group","hd":false},{"ind":1,"ty":"sh","ix":2,"ks":{"a":1,"k":[{"i":{"x":0.2,"y":1},"o":{"x":0.333,"y":0},"t":0,"s":[{"i":[[0,0],[0,0]],"o":[[0,0],[0,0]],"v":[[214.635,0],[124.374,0]],"c":false}]},{"i":{"x":0.833,"y":0.833},"o":{"x":0.8,"y":0},"t":60,"s":[{"i":[[0,0],[0,0]],"o":[[0,0],[0,0]],"v":[[264.83,65],[139.687,65]],"c":false}]},{"t":102,"s":[{"i":[[0,0],[0,0]],"o":[[0,0],[0,0]],"v":[[214.635,0],[124.374,0]],"c":false}]}],"ix":2},"nm":"Path 2","mn":"ADBE Vector Shape - Group","hd":false},{"ind":2,"ty":"sh","ix":3,"ks":{"a":1,"k":[{"i":{"x":0.2,"y":1},"o":{"x":0.333,"y":0},"t":0,"s":[{"i":[[0,0],[0,0],[0,0],[-6.6,0],[0,0],[0,6.6]],"o":[[0,0],[0,0],[0,6.6],[0,0],[6.6,0],[0,0]],"v":[[244.871,-33.358],[-75.367,-33.358],[-75.367,21.358],[-63.367,33.358],[232.871,33.358],[244.871,21.358]],"c":true}]},{"i":{"x":0.833,"y":0.833},"o":{"x":0.8,"y":0},"t":60,"s":[{"i":[[0,0],[0,0],[0,0],[-9.151,0],[0,0],[0,9.151]],"o":[[0,0],[0,0],[0,9.151],[0,0],[9.151,0],[0,0]],"v":[[306.752,18.75],[-137.248,18.75],[-137.248,94.613],[-120.61,111.25],[290.115,111.25],[306.752,94.613]],"c":true}]},{"t":102,"s":[{"i":[[0,0],[0,0],[0,0],[-6.6,0],[0,0],[0,6.6]],"o":[[0,0],[0,0],[0,6.6],[0,0],[6.6,0],[0,0]],"v":[[244.871,-33.358],[-75.367,-33.358],[-75.367,21.358],[-63.367,33.358],[232.871,33.358],[244.871,21.358]],"c":true}]}],"ix":2},"nm":"Path 3","mn":"ADBE Vector Shape - Group","hd":false},{"ty":"st","c":{"a":0,"k":[0.2,0.2,0.2,1],"ix":3},"o":{"a":0,"k":100,"ix":4},"w":{"a":0,"k":12,"ix":5},"lc":2,"lj":2,"bm":0,"nm":"Stroke 1","mn":"ADBE Vector Graphic - Stroke","hd":false},{"ty":"tr","p":{"a":0,"k":[165.248,376.761],"ix":2},"a":{"a":0,"k":[0,0],"ix":1},"s":{"a":0,"k":[100,100],"ix":3},"r":{"a":0,"k":0,"ix":6},"o":{"a":0,"k":100,"ix":7},"sk":{"a":0,"k":0,"ix":4},"sa":{"a":0,"k":0,"ix":5},"nm":"Transform"}],"nm":"Group 1","np":4,"cix":2,"bm":0,"ix":1,"mn":"ADBE Vector Group","hd":false},{"ty":"tr","p":{"a":0,"k":[334.752,376.761],"ix":2},"a":{"a":0,"k":[334.752,376.761],"ix":1},"s":{"a":0,"k":[100,100],"ix":3},"r":{"a":0,"k":0,"ix":6},"o":{"a":0,"k":100,"ix":7},"sk":{"a":0,"k":0,"ix":4},"sa":{"a":0,"k":0,"ix":5},"nm":"Transform"}],"nm":"Group 2","np":1,"cix":2,"bm":0,"ix":3,"mn":"ADBE Vector Group","hd":false}],"ip":0,"op":844,"st":0,"bm":0},{"ddd":0,"ind":2,"ty":4,"nm":"Machine","sr":1,"ks":{"o":{"a":0,"k":100,"ix":11},"r":{"a":1,"k":[{"i":{"x":[0.833],"y":[0.833]},"o":{"x":[0.167],"y":[0.167]},"t":102,"s":[0]},{"i":{"x":[0.833],"y":[0.833]},"o":{"x":[0.167],"y":[0.167]},"t":105,"s":[2]},{"i":{"x":[0.833],"y":[0.833]},"o":{"x":[0.167],"y":[0.167]},"t":108,"s":[-2]},{"t":111,"s":[0]}],"ix":10},"p":{"a":0,"k":[250,343.403,0],"ix":2,"l":2},"a":{"a":0,"k":[250,343.403,0],"ix":1,"l":2},"s":{"a":0,"k":[100,100,100],"ix":6,"l":2}},"ao":0,"shapes":[{"ty":"gr","it":[{"ind":0,"ty":"sh","ix":1,"ks":{"a":0,"k":{"i":[[0,0],[0,0],[0,0],[0,0]],"o":[[0,0],[0,0],[0,0],[0,0]],"v":[[42.938,20.015],[-42.938,20.015],[-42.938,-20.015],[42.938,-20.015]],"c":true},"ix":2},"nm":"Path 1","mn":"ADBE Vector Shape - Group","hd":false},{"ty":"st","c":{"a":0,"k":[0.00392156862745098,0.43529411764705883,0.7254901960784313,1],"ix":3},"o":{"a":0,"k":100,"ix":4},"w":{"a":0,"k":12,"ix":5},"lc":2,"lj":2,"bm":0,"nm":"Stroke 1","mn":"ADBE Vector Graphic - Stroke","hd":false},{"ty":"tr","p":{"a":0,"k":[303.373,109.896],"ix":2},"a":{"a":0,"k":[0,0],"ix":1},"s":{"a":0,"k":[100,100],"ix":3},"r":{"a":0,"k":0,"ix":6},"o":{"a":0,"k":100,"ix":7},"sk":{"a":0,"k":0,"ix":4},"sa":{"a":0,"k":0,"ix":5},"nm":"Transform"}],"nm":"Group 7","np":2,"cix":2,"bm":0,"ix":1,"mn":"ADBE Vector Group","hd":false},{"ty":"gr","it":[{"ind":0,"ty":"sh","ix":1,"ks":{"a":0,"k":{"i":[[0,0],[0,0]],"o":[[0,0],[0,0]],"v":[[39.75,0],[-39.75,0]],"c":false},"ix":2},"nm":"Path 1","mn":"ADBE Vector Shape - Group","hd":false},{"ind":1,"ty":"sh","ix":2,"ks":{"a":0,"k":{"i":[[0,0],[0,0],[0,0],[0,0]],"o":[[0,0],[0,0],[0,0],[0,0]],"v":[[154.123,23.25],[71.123,23.25],[71.123,-23.25],[154.123,-23.25]],"c":true},"ix":2},"nm":"Path 2","mn":"ADBE Vector Shape - Group","hd":false},{"ind":2,"ty":"sh","ix":3,"ks":{"a":1,"k":[{"i":{"x":0.667,"y":1},"o":{"x":0.333,"y":0},"t":102,"s":[{"i":[[0,0],[0,0],[0,0],[0,0],[0,0],[0,0],[0,-34.227]],"o":[[0,-34.227],[0,0],[0,0],[0,0],[0,0],[0,0],[0,0]],"v":[[-24.75,-0.069],[-24.75,-102.749],[-12.126,-92.749],[0.493,-102.749],[13.122,-92.749],[25.75,-102.749],[25.75,-0.069]],"c":false}]},{"i":{"x":0.667,"y":1},"o":{"x":0.333,"y":0},"t":106,"s":[{"i":[[0,0],[0,0],[0,0],[0,0],[0,0],[0,0],[0,-34.227]],"o":[[0,-34.227],[0,0],[0,0],[0,0],[0,0],[0,0],[0,0]],"v":[[-24.75,-0.069],[-42.335,-96.803],[-28.172,-89.138],[-17.473,-101.171],[-3.305,-93.506],[7.403,-105.541],[25.75,-0.069]],"c":false}]},{"i":{"x":0.667,"y":1},"o":{"x":0.333,"y":0},"t":110,"s":[{"i":[[0,0],[0,0],[0,0],[0,0],[0,0],[0,0],[0,-34.227]],"o":[[0,-34.227],[0,0],[0,0],[0,0],[0,0],[0,0],[0,0]],"v":[[-24.75,-0.069],[-10.768,-105.049],[0.448,-93.492],[14.261,-101.765],[25.481,-90.208],[39.303,-98.48],[25.75,-0.069]],"c":false}]},{"i":{"x":0.667,"y":1},"o":{"x":0.333,"y":0},"t":113,"s":[{"i":[[0,0],[0,0],[0,0],[0,0],[0,0],[0,0],[0,-34.227]],"o":[[0,-34.227],[0,0],[0,0],[0,0],[0,0],[0,0],[0,0]],"v":[[-24.75,-0.069],[-32.369,-100.668],[-19.033,-91.639],[-7.196,-102.554],[6.144,-93.526],[17.99,-104.442],[25.75,-0.069]],"c":false}]},{"i":{"x":0.667,"y":1},"o":{"x":0.333,"y":0},"t":117,"s":[{"i":[[0,0],[0,0],[0,0],[0,0],[0,0],[0,0],[0,-34.227]],"o":[[0,-34.227],[0,0],[0,0],[0,0],[0,0],[0,0],[0,0]],"v":[[-24.75,-0.069],[-21.74,-103.408],[-9.415,-93.043],[3.492,-102.669],[15.822,-92.303],[28.738,-101.929],[25.75,-0.069]],"c":false}]},{"t":120,"s":[{"i":[[0,0],[0,0],[0,0],[0,0],[0,0],[0,0],[0,-34.227]],"o":[[0,-34.227],[0,0],[0,0],[0,0],[0,0],[0,0],[0,0]],"v":[[-24.75,-0.069],[-24.75,-102.749],[-12.126,-92.749],[0.493,-102.749],[13.122,-92.749],[25.75,-102.749],[25.75,-0.069]],"c":false}]}],"ix":2},"nm":"Path 3","mn":"ADBE Vector Shape - Group","hd":false},{"ind":3,"ty":"sh","ix":4,"ks":{"a":1,"k":[{"i":{"x":0.667,"y":1},"o":{"x":0.333,"y":0},"t":102,"s":[{"i":[[0,0],[0,0],[-3.06,-17.75],[0,0]],"o":[[0,0],[18.02,0],[9.41,54.49],[0,0]],"v":[[25.75,-53.439],[149.05,-53.439],[185.53,-22.719],[199.35,120.021]],"c":false}]},{"i":{"x":0.667,"y":1},"o":{"x":0.333,"y":0},"t":106,"s":[{"i":[[0,0],[0,0],[-3.06,-17.75],[0,0]],"o":[[0,0],[18.02,0],[9.41,54.49],[0,0]],"v":[[19.25,-53.386],[149.05,-53.439],[185.53,-22.719],[199.35,120.021]],"c":false}]},{"i":{"x":0.667,"y":1},"o":{"x":0.333,"y":0},"t":110,"s":[{"i":[[0,0],[0,0],[-3.06,-17.75],[0,0]],"o":[[0,0],[18.02,0],[9.41,54.49],[0,0]],"v":[[31.248,-53.17],[149.05,-53.439],[185.53,-22.719],[199.35,120.021]],"c":false}]},{"i":{"x":0.667,"y":1},"o":{"x":0.333,"y":0},"t":113,"s":[{"i":[[0,0],[0,0],[-3.06,-17.75],[0,0]],"o":[[0,0],[18.02,0],[9.41,54.49],[0,0]],"v":[[23.498,-53.09],[149.05,-53.439],[185.53,-22.719],[199.35,120.021]],"c":false}]},{"i":{"x":0.667,"y":1},"o":{"x":0.333,"y":0},"t":117,"s":[{"i":[[0,0],[0,0],[-3.06,-17.75],[0,0]],"o":[[0,0],[18.02,0],[9.41,54.49],[0,0]],"v":[[27.248,-53.179],[149.05,-53.439],[185.53,-22.719],[199.35,120.021]],"c":false}]},{"t":120,"s":[{"i":[[0,0],[0,0],[-3.06,-17.75],[0,0]],"o":[[0,0],[18.02,0],[9.41,54.49],[0,0]],"v":[[25.75,-53.439],[149.05,-53.439],[185.53,-22.719],[199.35,120.021]],"c":false}]}],"ix":2},"nm":"Path 4","mn":"ADBE Vector Shape - Group","hd":false},{"ind":4,"ty":"sh","ix":5,"ks":{"a":1,"k":[{"i":{"x":0.667,"y":1},"o":{"x":0.333,"y":0},"t":102,"s":[{"i":[[0,0],[-9.41,54.49],[-18.02,0],[0,0]],"o":[[0,0],[3.06,-17.75],[0,0],[0,0]],"v":[[-80.85,120.021],[-67.03,-22.719],[-30.55,-53.439],[-24.75,-53.439]],"c":false}]},{"i":{"x":0.667,"y":1},"o":{"x":0.333,"y":0},"t":106,"s":[{"i":[[0,0],[-9.41,54.49],[-18.02,0],[0,0]],"o":[[0,0],[3.06,-17.75],[0,0],[0,0]],"v":[[-80.85,120.021],[-67.03,-22.719],[-31.799,-53.352],[-32.001,-53.464]],"c":false}]},{"i":{"x":0.667,"y":1},"o":{"x":0.333,"y":0},"t":110,"s":[{"i":[[0,0],[-9.41,54.49],[-18.02,0],[0,0]],"o":[[0,0],[3.06,-17.75],[0,0],[0,0]],"v":[[-80.85,120.021],[-67.03,-22.719],[-30.55,-53.439],[-20.501,-53.356]],"c":false}]},{"i":{"x":0.667,"y":1},"o":{"x":0.333,"y":0},"t":113,"s":[{"i":[[0,0],[-9.41,54.49],[-18.02,0],[0,0]],"o":[[0,0],[3.06,-17.75],[0,0],[0,0]],"v":[[-80.85,120.021],[-67.03,-22.719],[-30.55,-53.439],[-28.501,-53.461]],"c":false}]},{"i":{"x":0.667,"y":1},"o":{"x":0.333,"y":0},"t":117,"s":[{"i":[[0,0],[-9.41,54.49],[-18.02,0],[0,0]],"o":[[0,0],[3.06,-17.75],[0,0],[0,0]],"v":[[-80.85,120.021],[-67.03,-22.719],[-30.55,-53.439],[-24.251,-53.423]],"c":false}]},{"t":120,"s":[{"i":[[0,0],[-9.41,54.49],[-18.02,0],[0,0]],"o":[[0,0],[3.06,-17.75],[0,0],[0,0]],"v":[[-80.85,120.021],[-67.03,-22.719],[-30.55,-53.439],[-24.75,-53.439]],"c":false}]}],"ix":2},"nm":"Path 5","mn":"ADBE Vector Shape - Group","hd":false},{"ind":5,"ty":"sh","ix":6,"ks":{"a":0,"k":{"i":[[0,0],[0,0]],"o":[[0,0],[0,0]],"v":[[125.966,-92.098],[125.966,-53.442]],"c":false},"ix":2},"nm":"Path 6","mn":"ADBE Vector Shape - Group","hd":false},{"ind":6,"ty":"sh","ix":7,"ks":{"a":0,"k":{"i":[[0,0],[0,0]],"o":[[0,0],[0,0]],"v":[[99.28,-53.442],[99.28,-92.098]],"c":false},"ix":2},"nm":"Path 7","mn":"ADBE Vector Shape - Group","hd":false},{"ty":"st","c":{"a":0,"k":[0.2,0.2,0.2,1],"ix":3},"o":{"a":0,"k":100,"ix":4},"w":{"a":0,"k":12,"ix":5},"lc":2,"lj":2,"bm":0,"nm":"Stroke 1","mn":"ADBE Vector Graphic - Stroke","hd":false},{"ty":"tr","p":{"a":0,"k":[190.75,223.383],"ix":2},"a":{"a":0,"k":[0,0],"ix":1},"s":{"a":0,"k":[100,100],"ix":3},"r":{"a":0,"k":0,"ix":6},"o":{"a":0,"k":100,"ix":7},"sk":{"a":0,"k":0,"ix":4},"sa":{"a":0,"k":0,"ix":5},"nm":"Transform"}],"nm":"Group 9","np":8,"cix":2,"bm":0,"ix":2,"mn":"ADBE Vector Group","hd":false},{"ty":"gr","it":[{"ind":0,"ty":"sh","ix":1,"ks":{"a":0,"k":{"i":[[0,0],[0,0]],"o":[[0,0],[0,0]],"v":[[0,0],[0,0]],"c":false},"ix":2},"nm":"Path 1","mn":"ADBE Vector Shape - Group","hd":false},{"ind":1,"ty":"sh","ix":2,"ks":{"a":0,"k":{"i":[[0,0],[0,0]],"o":[[0,0],[0,0]],"v":[[0,22.01],[0,22.01]],"c":false},"ix":2},"nm":"Path 2","mn":"ADBE Vector Shape - Group","hd":false},{"ind":2,"ty":"sh","ix":3,"ks":{"a":1,"k":[{"i":{"x":0,"y":1},"o":{"x":0.333,"y":0},"t":14,"s":[{"i":[[0,0],[0,0]],"o":[[0,0],[0,0]],"v":[[-27.997,0],[-27.997,0]],"c":false}]},{"i":{"x":0.667,"y":1},"o":{"x":1,"y":0},"t":19,"s":[{"i":[[0,0],[0,0]],"o":[[0,0],[0,0]],"v":[[-21.747,0],[-34.247,0]],"c":false}]},{"i":{"x":0.667,"y":1},"o":{"x":0.167,"y":0},"t":24,"s":[{"i":[[0,0],[0,0]],"o":[[0,0],[0,0]],"v":[[-27.997,0],[-27.997,0]],"c":false}]},{"i":{"x":0,"y":1},"o":{"x":0.333,"y":0},"t":96,"s":[{"i":[[0,0],[0,0]],"o":[[0,0],[0,0]],"v":[[-27.997,0],[-27.997,0]],"c":false}]},{"i":{"x":0.667,"y":1},"o":{"x":1,"y":0},"t":101,"s":[{"i":[[0,0],[0,0]],"o":[[0,0],[0,0]],"v":[[-21.747,0],[-34.247,0]],"c":false}]},{"t":106,"s":[{"i":[[0,0],[0,0]],"o":[[0,0],[0,0]],"v":[[-27.997,0],[-27.997,0]],"c":false}]}],"ix":2},"nm":"Path 3","mn":"ADBE Vector Shape - Group","hd":false},{"ind":3,"ty":"sh","ix":4,"ks":{"a":0,"k":{"i":[[0,0],[0,0]],"o":[[0,0],[0,0]],"v":[[-27.997,22.01],[-27.997,22.01]],"c":false},"ix":2},"nm":"Path 4","mn":"ADBE Vector Shape - Group","hd":false},{"ind":4,"ty":"sh","ix":5,"ks":{"a":0,"k":{"i":[[0,0],[0,0]],"o":[[0,0],[0,0]],"v":[[128.187,0],[128.187,0]],"c":false},"ix":2},"nm":"Path 5","mn":"ADBE Vector Shape - Group","hd":false},{"ind":5,"ty":"sh","ix":6,"ks":{"a":1,"k":[{"i":{"x":0,"y":1},"o":{"x":0.333,"y":0},"t":29,"s":[{"i":[[0,0],[0,0]],"o":[[0,0],[0,0]],"v":[[98.625,0],[98.625,0]],"c":false}]},{"i":{"x":0.667,"y":1},"o":{"x":1,"y":0},"t":34,"s":[{"i":[[0,0],[0,0]],"o":[[0,0],[0,0]],"v":[[104.875,0],[92.375,0]],"c":false}]},{"i":{"x":0.667,"y":1},"o":{"x":0.167,"y":0},"t":39,"s":[{"i":[[0,0],[0,0]],"o":[[0,0],[0,0]],"v":[[98.625,0],[98.625,0]],"c":false}]},{"i":{"x":0,"y":1},"o":{"x":0.333,"y":0},"t":82,"s":[{"i":[[0,0],[0,0]],"o":[[0,0],[0,0]],"v":[[98.625,0],[98.625,0]],"c":false}]},{"i":{"x":0.667,"y":1},"o":{"x":1,"y":0},"t":87,"s":[{"i":[[0,0],[0,0]],"o":[[0,0],[0,0]],"v":[[104.875,0],[92.375,0]],"c":false}]},{"t":92,"s":[{"i":[[0,0],[0,0]],"o":[[0,0],[0,0]],"v":[[98.625,0],[98.625,0]],"c":false}]}],"ix":2},"nm":"Path 6","mn":"ADBE Vector Shape - Group","hd":false},{"ind":6,"ty":"sh","ix":7,"ks":{"a":0,"k":{"i":[[0,0],[0,0]],"o":[[0,0],[0,0]],"v":[[69.062,0],[69.062,0]],"c":false},"ix":2},"nm":"Path 7","mn":"ADBE Vector Shape - Group","hd":false},{"ind":7,"ty":"sh","ix":8,"ks":{"a":0,"k":{"i":[[0,0],[0,0]],"o":[[0,0],[0,0]],"v":[[98.625,44.251],[98.625,44.251]],"c":false},"ix":2},"nm":"Path 8","mn":"ADBE Vector Shape - Group","hd":false},{"ind":8,"ty":"sh","ix":9,"ks":{"a":0,"k":{"i":[[0,0],[0,0]],"o":[[0,0],[0,0]],"v":[[69.062,44.251],[69.062,44.251]],"c":false},"ix":2},"nm":"Path 9","mn":"ADBE Vector Shape - Group","hd":false},{"ind":9,"ty":"sh","ix":10,"ks":{"a":0,"k":{"i":[[0,0],[0,0]],"o":[[0,0],[0,0]],"v":[[128.187,22.01],[128.187,22.01]],"c":false},"ix":2},"nm":"Path 10","mn":"ADBE Vector Shape - Group","hd":false},{"ind":10,"ty":"sh","ix":11,"ks":{"a":0,"k":{"i":[[0,0],[0,0]],"o":[[0,0],[0,0]],"v":[[98.625,22.01],[98.625,22.01]],"c":false},"ix":2},"nm":"Path 11","mn":"ADBE Vector Shape - Group","hd":false},{"ind":11,"ty":"sh","ix":12,"ks":{"a":1,"k":[{"i":{"x":0,"y":1},"o":{"x":0.333,"y":0},"t":12,"s":[{"i":[[0,0],[0,0]],"o":[[0,0],[0,0]],"v":[[69.062,22.01],[69.062,22.01]],"c":false}]},{"i":{"x":0.667,"y":1},"o":{"x":1,"y":0},"t":17,"s":[{"i":[[0,0],[0,0]],"o":[[0,0],[0,0]],"v":[[75.312,22.01],[62.812,22.01]],"c":false}]},{"i":{"x":0.667,"y":1},"o":{"x":0.167,"y":0},"t":22,"s":[{"i":[[0,0],[0,0]],"o":[[0,0],[0,0]],"v":[[69.062,22.01],[69.062,22.01]],"c":false}]},{"i":{"x":0,"y":1},"o":{"x":0.333,"y":0},"t":63,"s":[{"i":[[0,0],[0,0]],"o":[[0,0],[0,0]],"v":[[69.062,22.01],[69.062,22.01]],"c":false}]},{"i":{"x":0.667,"y":1},"o":{"x":1,"y":0},"t":68,"s":[{"i":[[0,0],[0,0]],"o":[[0,0],[0,0]],"v":[[75.312,22.01],[62.812,22.01]],"c":false}]},{"t":73,"s":[{"i":[[0,0],[0,0]],"o":[[0,0],[0,0]],"v":[[69.062,22.01],[69.062,22.01]],"c":false}]}],"ix":2},"nm":"Path 12","mn":"ADBE Vector Shape - Group","hd":false},{"ty":"st","c":{"a":0,"k":[0.2,0.2,0.2,1],"ix":3},"o":{"a":0,"k":100,"ix":4},"w":{"a":0,"k":12,"ix":5},"lc":2,"lj":2,"bm":0,"nm":"Stroke 1","mn":"ADBE Vector Graphic - Stroke","hd":false},{"ty":"tr","p":{"a":0,"k":[204.748,271.633],"ix":2},"a":{"a":0,"k":[0,0],"ix":1},"s":{"a":0,"k":[100,100],"ix":3},"r":{"a":0,"k":0,"ix":6},"o":{"a":0,"k":100,"ix":7},"sk":{"a":0,"k":0,"ix":4},"sa":{"a":0,"k":0,"ix":5},"nm":"Transform"}],"nm":"Group 10","np":13,"cix":2,"bm":0,"ix":3,"mn":"ADBE Vector Group","hd":false},{"ty":"gr","it":[{"ind":0,"ty":"sh","ix":1,"ks":{"a":1,"k":[{"i":{"x":0,"y":1},"o":{"x":0.333,"y":0},"t":39,"s":[{"i":[[0,0],[0,0]],"o":[[0,0],[0,0]],"v":[[0,0],[0,0]],"c":false}]},{"i":{"x":0.667,"y":1},"o":{"x":1,"y":0},"t":44,"s":[{"i":[[0,0],[0,0]],"o":[[0,0],[0,0]],"v":[[6.25,0],[-6.25,0]],"c":false}]},{"i":{"x":0.833,"y":1},"o":{"x":0.167,"y":0},"t":49,"s":[{"i":[[0,0],[0,0]],"o":[[0,0],[0,0]],"v":[[0,0],[0,0]],"c":false}]},{"i":{"x":0,"y":1},"o":{"x":0.333,"y":0},"t":104,"s":[{"i":[[0,0],[0,0]],"o":[[0,0],[0,0]],"v":[[0,0],[0,0]],"c":false}]},{"i":{"x":0.667,"y":1},"o":{"x":1,"y":0},"t":109,"s":[{"i":[[0,0],[0,0]],"o":[[0,0],[0,0]],"v":[[6.25,0],[-6.25,0]],"c":false}]},{"t":114,"s":[{"i":[[0,0],[0,0]],"o":[[0,0],[0,0]],"v":[[0,0],[0,0]],"c":false}]}],"ix":2},"nm":"Path 1","mn":"ADBE Vector Shape - Group","hd":false},{"ind":1,"ty":"sh","ix":2,"ks":{"a":0,"k":{"i":[[0,0],[0,0]],"o":[[0,0],[0,0]],"v":[[-27.997,0],[-27.997,0]],"c":false},"ix":2},"nm":"Path 2","mn":"ADBE Vector Shape - Group","hd":false},{"ind":2,"ty":"sh","ix":3,"ks":{"a":1,"k":[{"i":{"x":0,"y":1},"o":{"x":0.333,"y":0},"t":0,"s":[{"i":[[0,0],[0,0]],"o":[[0,0],[0,0]],"v":[[128.187,0],[128.187,0]],"c":false}]},{"i":{"x":0.667,"y":1},"o":{"x":1,"y":0},"t":5,"s":[{"i":[[0,0],[0,0]],"o":[[0,0],[0,0]],"v":[[134.437,0],[121.937,0]],"c":false}]},{"i":{"x":0.667,"y":1},"o":{"x":0.167,"y":0},"t":10,"s":[{"i":[[0,0],[0,0]],"o":[[0,0],[0,0]],"v":[[128.187,0],[128.187,0]],"c":false}]},{"i":{"x":0,"y":1},"o":{"x":0.333,"y":0},"t":22,"s":[{"i":[[0,0],[0,0]],"o":[[0,0],[0,0]],"v":[[128.187,0],[128.187,0]],"c":false}]},{"i":{"x":0.667,"y":1},"o":{"x":1,"y":0},"t":27,"s":[{"i":[[0,0],[0,0]],"o":[[0,0],[0,0]],"v":[[134.437,0],[121.937,0]],"c":false}]},{"t":32,"s":[{"i":[[0,0],[0,0]],"o":[[0,0],[0,0]],"v":[[128.187,0],[128.187,0]],"c":false}]}],"ix":2},"nm":"Path 3","mn":"ADBE Vector Shape - Group","hd":false},{"ty":"st","c":{"a":0,"k":[0.00392156862745098,0.43529411764705883,0.7254901960784313,1],"ix":3},"o":{"a":0,"k":100,"ix":4},"w":{"a":0,"k":12,"ix":5},"lc":2,"lj":2,"bm":0,"nm":"Stroke 1","mn":"ADBE Vector Graphic - Stroke","hd":false},{"ty":"tr","p":{"a":0,"k":[204.748,315.884],"ix":2},"a":{"a":0,"k":[0,0],"ix":1},"s":{"a":0,"k":[100,100],"ix":3},"r":{"a":0,"k":0,"ix":6},"o":{"a":0,"k":100,"ix":7},"sk":{"a":0,"k":0,"ix":4},"sa":{"a":0,"k":0,"ix":5},"nm":"Transform"}],"nm":"Group 11","np":4,"cix":2,"bm":0,"ix":4,"mn":"ADBE Vector Group","hd":false},{"ty":"gr","it":[{"ty":"gr","it":[{"ty":"st","c":{"a":0,"k":[0,0,0,1],"ix":3},"o":{"a":0,"k":100,"ix":4},"w":{"a":0,"k":12,"ix":5},"lc":2,"lj":2,"bm":0,"nm":"Stroke 1","mn":"ADBE Vector Graphic - Stroke","hd":false},{"ty":"tr","p":{"a":0,"k":[316.716,150.612],"ix":2},"a":{"a":0,"k":[0,0],"ix":1},"s":{"a":0,"k":[100,100],"ix":3},"r":{"a":0,"k":0,"ix":6},"o":{"a":0,"k":100,"ix":7},"sk":{"a":0,"k":0,"ix":4},"sa":{"a":0,"k":0,"ix":5},"nm":"Transform"}],"nm":"Group 1","np":1,"cix":2,"bm":0,"ix":1,"mn":"ADBE Vector Group","hd":false},{"ty":"tr","p":{"a":0,"k":[290.03,150.612],"ix":2},"a":{"a":0,"k":[290.03,150.612],"ix":1},"s":{"a":0,"k":[100,100],"ix":3},"r":{"a":0,"k":0,"ix":6},"o":{"a":0,"k":100,"ix":7},"sk":{"a":0,"k":0,"ix":4},"sa":{"a":0,"k":0,"ix":5},"nm":"Transform"}],"nm":"Group 8","np":1,"cix":2,"bm":0,"ix":5,"mn":"ADBE Vector Group","hd":false}],"ip":0,"op":844,"st":0,"bm":0}],"markers":[]}