{"v":"5.7.6","fr":60,"ip":0,"op":206,"w":500,"h":500,"nm":"755-invoice-receipt-validating-ticket-outline","ddd":0,"assets":[],"layers":[{"ddd":0,"ind":1,"ty":4,"nm":"outline 11","sr":1,"ks":{"o":{"a":0,"k":100,"ix":11},"r":{"a":0,"k":0,"ix":10},"p":{"a":0,"k":[250,89.881,0],"ix":2,"l":2},"a":{"a":0,"k":[0,-160.119,0],"ix":1,"l":2},"s":{"a":0,"k":[100,100,100],"ix":6,"l":2}},"ao":0,"shapes":[{"ty":"gr","it":[{"ind":0,"ty":"sh","ix":1,"ks":{"a":0,"k":{"i":[[0,0],[0,0]],"o":[[0,0],[0,0]],"v":[[133.433,-160.119],[-133.433,-160.119]],"c":false},"ix":2},"nm":"Path 1","mn":"ADBE Vector Shape - Group","hd":false},{"ty":"st","c":{"a":0,"k":[0.00392156862745098,0.43529411764705883,0.7254901960784313,1],"ix":3},"o":{"a":0,"k":100,"ix":4},"w":{"a":0,"k":12,"ix":5},"lc":2,"lj":2,"bm":0,"nm":"Stroke 1","mn":"ADBE Vector Graphic - Stroke","hd":false},{"ty":"tr","p":{"a":0,"k":[0,0],"ix":2},"a":{"a":0,"k":[0,0],"ix":1},"s":{"a":0,"k":[100,100],"ix":3},"r":{"a":0,"k":0,"ix":6},"o":{"a":0,"k":100,"ix":7},"sk":{"a":0,"k":0,"ix":4},"sa":{"a":0,"k":0,"ix":5},"nm":"Transform"}],"nm":"Group 1","np":2,"cix":2,"bm":0,"ix":1,"mn":"ADBE Vector Group","hd":false}],"ip":0,"op":844,"st":0,"bm":0},{"ddd":0,"ind":2,"ty":4,"nm":"mask","td":1,"sr":1,"ks":{"o":{"a":0,"k":100,"ix":11},"r":{"a":0,"k":0,"ix":10},"p":{"a":0,"k":[250,250,0],"ix":2,"l":2},"a":{"a":0,"k":[0,0,0],"ix":1,"l":2},"s":{"a":0,"k":[100,100,100],"ix":6,"l":2}},"ao":0,"shapes":[{"ty":"gr","it":[{"ty":"rc","d":1,"s":{"a":0,"k":[276,332],"ix":2},"p":{"a":0,"k":[0,0],"ix":3},"r":{"a":0,"k":0,"ix":4},"nm":"Rectangle Path 1","mn":"ADBE Vector Shape - Rect","hd":false},{"ty":"st","c":{"a":0,"k":[0.00392156862745098,0.43529411764705883,0.7254901960784313,1],"ix":3},"o":{"a":0,"k":100,"ix":4},"w":{"a":0,"k":0,"ix":5},"lc":1,"lj":1,"ml":4,"bm":0,"nm":"Stroke 1","mn":"ADBE Vector Graphic - Stroke","hd":false},{"ty":"fl","c":{"a":0,"k":[0.00392156862745098,0.43529411764705883,0.7254901960784313,1],"ix":4},"o":{"a":0,"k":100,"ix":5},"r":1,"bm":0,"nm":"Fill 1","mn":"ADBE Vector Graphic - Fill","hd":false},{"ty":"tr","p":{"a":0,"k":[2,-326],"ix":2},"a":{"a":0,"k":[0,0],"ix":1},"s":{"a":0,"k":[100,100],"ix":3},"r":{"a":0,"k":0,"ix":6},"o":{"a":0,"k":100,"ix":7},"sk":{"a":0,"k":0,"ix":4},"sa":{"a":0,"k":0,"ix":5},"nm":"Transform"}],"nm":"Rectangle 1","np":3,"cix":2,"bm":0,"ix":1,"mn":"ADBE Vector Group","hd":false}],"ip":0,"op":844,"st":0,"bm":0},{"ddd":0,"ind":3,"ty":4,"nm":"outline 12","tt":2,"sr":1,"ks":{"o":{"a":0,"k":100,"ix":11},"r":{"a":0,"k":0,"ix":10},"p":{"a":1,"k":[{"i":{"x":0.667,"y":1},"o":{"x":0.333,"y":0},"t":29,"s":[250,-34.914,0],"to":[0,0,0],"ti":[0,0,0]},{"i":{"x":0.667,"y":1},"o":{"x":0.333,"y":0},"t":37,"s":[250,20.107,0],"to":[0,0,0],"ti":[0,0,0]},{"i":{"x":0.667,"y":1},"o":{"x":0.333,"y":0},"t":42,"s":[250,9.836,0],"to":[0,0,0],"ti":[0,0,0]},{"i":{"x":0.667,"y":1},"o":{"x":0.333,"y":0},"t":50,"s":[250,52.857,0],"to":[0,0,0],"ti":[0,0,0]},{"i":{"x":0.667,"y":1},"o":{"x":0.333,"y":0},"t":55,"s":[250,39.336,0],"to":[0,0,0],"ti":[0,0,0]},{"i":{"x":0.667,"y":1},"o":{"x":0.333,"y":0},"t":63,"s":[250,82.357,0],"to":[0,0,0],"ti":[0,0,0]},{"i":{"x":0.667,"y":1},"o":{"x":0.333,"y":0},"t":68,"s":[250,69.836,0],"to":[0,0,0],"ti":[0,0,0]},{"i":{"x":0.667,"y":1},"o":{"x":0.333,"y":0},"t":76,"s":[250,112.857,0],"to":[0,0,0],"ti":[0,0,0]},{"i":{"x":0.667,"y":1},"o":{"x":0.333,"y":0},"t":81,"s":[250,99.836,0],"to":[0,0,0],"ti":[0,0,0]},{"i":{"x":0.667,"y":1},"o":{"x":0.333,"y":0},"t":89,"s":[250,142.857,0],"to":[0,0,0],"ti":[0,0,0]},{"i":{"x":0.667,"y":1},"o":{"x":0.333,"y":0},"t":94,"s":[250,129.336,0],"to":[0,0,0],"ti":[0,0,0]},{"i":{"x":0.667,"y":1},"o":{"x":0.333,"y":0},"t":102,"s":[250,172.357,0],"to":[0,0,0],"ti":[0,0,0]},{"i":{"x":0.667,"y":1},"o":{"x":0.333,"y":0},"t":107,"s":[250,159.836,0],"to":[0,0,0],"ti":[0,0,0]},{"i":{"x":0.667,"y":1},"o":{"x":0.333,"y":0},"t":115,"s":[250,202.857,0],"to":[0,0,0],"ti":[0,0,0]},{"i":{"x":0.667,"y":1},"o":{"x":0.333,"y":0},"t":120,"s":[250,189.836,0],"to":[0,0,0],"ti":[0,0,0]},{"i":{"x":0.667,"y":1},"o":{"x":0.333,"y":0},"t":128,"s":[250,232.857,0],"to":[0,0,0],"ti":[0,0,0]},{"i":{"x":0.667,"y":1},"o":{"x":0.333,"y":0},"t":133,"s":[250,219.336,0],"to":[0,0,0],"ti":[0,0,0]},{"i":{"x":0.667,"y":1},"o":{"x":0.333,"y":0},"t":141,"s":[250,262.357,0],"to":[0,0,0],"ti":[0,0,0]},{"t":146,"s":[250,249.836,0]}],"ix":2,"l":2},"a":{"a":0,"k":[0,0.086,0],"ix":1,"l":2},"s":{"a":0,"k":[100,100,100],"ix":6,"l":2}},"ao":0,"shapes":[{"ty":"gr","it":[{"ty":"gr","it":[{"ind":0,"ty":"sh","ix":1,"ks":{"a":1,"k":[{"i":{"x":0.667,"y":1},"o":{"x":0.333,"y":0},"t":40,"s":[{"i":[[0,0],[-8.567,-0.009],[-1.71,0.308],[-3.054,2.805],[0.115,4.15],[11.017,2.445],[-0.622,11.507],[-5.845,2.242],[-2.372,0.076],[-4.756,-7.254]],"o":[[5.691,6.465],[1.717,0.002],[4.082,-0.735],[3.054,-2.805],[-0.343,-12.433],[-10.374,-2.302],[0.337,-6.243],[2.286,-0.877],[8.695,-0.277],[0,0]],"v":[[26.391,62.172],[49.041,72.487],[54.186,72.041],[65.312,66.859],[70.283,55.869],[47.302,38.776],[27.729,22.43],[38.635,8.432],[45.665,7.039],[67.864,18.778]],"c":false}]},{"i":{"x":0.667,"y":1},"o":{"x":0.333,"y":0},"t":53,"s":[{"i":[[0,0],[-8.554,-0.469],[-1.723,0.217],[-3.194,2.644],[-0.099,4.151],[10.873,3.023],[-1.218,11.459],[-5.955,1.931],[-2.373,-0.054],[-4.376,-7.489]],"o":[[5.351,6.749],[1.714,0.09],[4.115,-0.523],[3.194,-2.644],[0.298,-12.434],[-10.241,-2.833],[0.659,-6.217],[2.328,-0.758],[8.698,0.171],[0,0]],"v":[[25.97,63.522],[48.058,74.99],[53.219,74.809],[64.597,70.208],[70.128,59.488],[48.058,41.235],[29.353,23.901],[40.966,10.484],[48.058,9.456],[69.623,22.322]],"c":false}]},{"i":{"x":0.667,"y":1},"o":{"x":0.333,"y":0},"t":66,"s":[{"i":[[0,0],[-8.565,-0.159],[-1.715,0.278],[-3.102,2.751],[0.042,4.152],[10.973,2.637],[-0.824,11.494],[-5.884,2.139],[-2.373,0.034],[-4.628,-7.336]],"o":[[5.577,6.563],[1.716,0.032],[4.094,-0.663],[3.102,-2.751],[-0.125,-12.437],[-10.332,-2.483],[0.447,-6.236],[2.301,-0.837],[8.699,-0.124],[0,0]],"v":[[30.618,63.092],[53.083,73.802],[58.235,73.446],[69.45,68.46],[74.614,57.559],[51.936,40.067],[32.652,23.379],[43.802,9.575],[50.855,8.306],[72.845,20.432]],"c":false}]},{"i":{"x":0.667,"y":1},"o":{"x":0.333,"y":0},"t":79,"s":[{"i":[[0,0],[-8.544,-0.623],[-1.727,0.184],[-3.247,2.579],[-0.183,4.148],[10.814,3.228],[-1.446,11.433],[-5.991,1.817],[-2.372,-0.095],[-4.224,-7.576]],"o":[[5.213,6.856],[1.712,0.125],[4.124,-0.44],[3.247,-2.579],[0.549,-12.425],[-10.182,-3.04],[0.784,-6.202],[2.343,-0.711],[8.693,0.347],[0,0]],"v":[[25.58,65.068],[47.432,76.981],[52.596,76.905],[64.064,72.534],[69.811,61.928],[48.114,43.232],[29.763,25.525],[41.645,12.345],[48.756,11.46],[70.057,24.76]],"c":false}]},{"i":{"x":0.667,"y":1},"o":{"x":0.333,"y":0},"t":92,"s":[{"i":[[0,0],[-8.565,-0.159],[-1.715,0.278],[-3.102,2.751],[0.042,4.152],[10.973,2.637],[-0.824,11.494],[-5.884,2.139],[-2.373,0.034],[-4.628,-7.336]],"o":[[5.577,6.563],[1.716,0.032],[4.094,-0.663],[3.102,-2.751],[-0.125,-12.437],[-10.332,-2.483],[0.447,-6.236],[2.301,-0.837],[8.699,-0.124],[0,0]],"v":[[30.618,63.092],[53.083,73.802],[58.235,73.446],[69.45,68.46],[74.614,57.559],[51.936,40.067],[32.652,23.379],[43.802,9.575],[50.855,8.306],[72.845,20.432]],"c":false}]},{"i":{"x":0.667,"y":1},"o":{"x":0.333,"y":0},"t":105,"s":[{"i":[[0,0],[-8.544,-0.623],[-1.727,0.184],[-3.247,2.579],[-0.183,4.148],[10.814,3.228],[-1.446,11.433],[-5.991,1.817],[-2.372,-0.095],[-4.224,-7.576]],"o":[[5.213,6.856],[1.712,0.125],[4.124,-0.44],[3.247,-2.579],[0.549,-12.425],[-10.182,-3.04],[0.784,-6.202],[2.343,-0.711],[8.693,0.347],[0,0]],"v":[[25.58,65.068],[47.432,76.981],[52.596,76.905],[64.064,72.534],[69.811,61.928],[48.114,43.232],[29.763,25.525],[41.645,12.345],[48.756,11.46],[70.057,24.76]],"c":false}]},{"i":{"x":0.667,"y":1},"o":{"x":0.333,"y":0},"t":118,"s":[{"i":[[0,0],[-8.565,-0.159],[-1.715,0.278],[-3.102,2.751],[0.042,4.152],[10.973,2.637],[-0.824,11.494],[-5.884,2.139],[-2.373,0.034],[-4.628,-7.336]],"o":[[5.577,6.563],[1.716,0.032],[4.094,-0.663],[3.102,-2.751],[-0.125,-12.437],[-10.332,-2.483],[0.447,-6.236],[2.301,-0.837],[8.699,-0.124],[0,0]],"v":[[30.618,63.092],[53.083,73.802],[58.235,73.446],[69.45,68.46],[74.614,57.559],[51.936,40.067],[32.652,23.379],[43.802,9.575],[50.855,8.306],[72.845,20.432]],"c":false}]},{"i":{"x":0.667,"y":1},"o":{"x":0.333,"y":0},"t":131,"s":[{"i":[[0,0],[-8.544,-0.623],[-1.727,0.184],[-3.247,2.579],[-0.183,4.148],[10.814,3.228],[-1.446,11.433],[-5.991,1.817],[-2.372,-0.095],[-4.224,-7.576]],"o":[[5.213,6.856],[1.712,0.125],[4.124,-0.44],[3.247,-2.579],[0.549,-12.425],[-10.182,-3.04],[0.784,-6.202],[2.343,-0.711],[8.693,0.347],[0,0]],"v":[[25.58,65.068],[47.432,76.981],[52.596,76.905],[64.064,72.534],[69.811,61.928],[48.114,43.232],[29.763,25.525],[41.645,12.345],[48.756,11.46],[70.057,24.76]],"c":false}]},{"i":{"x":0.667,"y":1},"o":{"x":0.333,"y":0},"t":144,"s":[{"i":[[0,0],[-8.565,-0.159],[-1.715,0.278],[-3.102,2.751],[0.042,4.152],[10.973,2.637],[-0.824,11.494],[-5.884,2.139],[-2.373,0.034],[-4.628,-7.336]],"o":[[5.577,6.563],[1.716,0.032],[4.094,-0.663],[3.102,-2.751],[-0.125,-12.437],[-10.332,-2.483],[0.447,-6.236],[2.301,-0.837],[8.699,-0.124],[0,0]],"v":[[30.618,63.092],[53.083,73.802],[58.235,73.446],[69.45,68.46],[74.614,57.559],[51.936,40.067],[32.652,23.379],[43.802,9.575],[50.855,8.306],[72.845,20.432]],"c":false}]},{"i":{"x":0.667,"y":1},"o":{"x":0.333,"y":0},"t":157,"s":[{"i":[[0,0],[-8.544,-0.623],[-1.727,0.184],[-3.247,2.579],[-0.183,4.148],[10.814,3.228],[-1.446,11.433],[-5.991,1.817],[-2.372,-0.095],[-4.224,-7.576]],"o":[[5.213,6.856],[1.712,0.125],[4.124,-0.44],[3.247,-2.579],[0.549,-12.425],[-10.182,-3.04],[0.784,-6.202],[2.343,-0.711],[8.693,0.347],[0,0]],"v":[[23.08,64.068],[44.932,75.981],[50.096,75.905],[61.564,71.534],[67.311,60.928],[45.614,42.232],[27.263,24.525],[39.145,11.345],[46.256,10.46],[67.557,23.76]],"c":false}]},{"i":{"x":0.667,"y":1},"o":{"x":0.167,"y":0},"t":169,"s":[{"i":[[0,0],[-8.564,-0.196],[-1.716,0.27],[-3.114,2.737],[0.024,4.152],[10.961,2.685],[-0.874,11.491],[-5.893,2.114],[-2.374,0.024],[-4.596,-7.356]],"o":[[5.548,6.588],[1.716,0.039],[4.097,-0.645],[3.114,-2.737],[-0.071,-12.437],[-10.321,-2.528],[0.474,-6.234],[2.304,-0.827],[8.699,-0.087],[0,0]],"v":[[28.221,62.748],[50.639,73.556],[55.793,73.223],[67.03,68.286],[72.24,57.407],[49.639,39.816],[30.428,23.045],[41.638,9.289],[48.696,8.051],[70.633,20.272]],"c":false}]},{"t":181,"s":[{"i":[[0,0],[-8.554,-0.469],[-1.723,0.217],[-3.194,2.644],[-0.099,4.151],[10.873,3.023],[-1.218,11.459],[-5.955,1.931],[-2.373,-0.054],[-4.376,-7.489]],"o":[[5.351,6.749],[1.714,0.09],[4.115,-0.523],[3.194,-2.644],[0.298,-12.434],[-10.241,-2.833],[0.659,-6.217],[2.328,-0.758],[8.698,0.171],[0,0]],"v":[[25.97,63.522],[48.058,74.99],[53.219,74.809],[64.597,70.208],[70.128,59.488],[48.058,41.235],[29.353,23.901],[40.966,10.484],[48.058,9.456],[69.623,22.322]],"c":false}]}],"ix":2},"nm":"Path 1","mn":"ADBE Vector Shape - Group","hd":false},{"ind":1,"ty":"sh","ix":2,"ks":{"a":1,"k":[{"i":{"x":0.667,"y":1},"o":{"x":0.333,"y":0},"t":40,"s":[{"i":[[0,0],[0,0]],"o":[[0,0],[0,0]],"v":[[45.665,7.039],[45.046,-4.945]],"c":false}]},{"i":{"x":0.667,"y":1},"o":{"x":0.333,"y":0},"t":53,"s":[{"i":[[0,0],[0,0]],"o":[[0,0],[0,0]],"v":[[48.058,9.456],[48.058,-2.545]],"c":false}]},{"i":{"x":0.667,"y":1},"o":{"x":0.333,"y":0},"t":66,"s":[{"i":[[0,0],[0,0]],"o":[[0,0],[0,0]],"v":[[50.855,8.306],[50.447,-3.688]],"c":false}]},{"i":{"x":0.667,"y":1},"o":{"x":0.333,"y":0},"t":79,"s":[{"i":[[0,0],[0,0]],"o":[[0,0],[0,0]],"v":[[48.756,11.46],[48.999,-0.538]],"c":false}]},{"i":{"x":0.667,"y":1},"o":{"x":0.333,"y":0},"t":92,"s":[{"i":[[0,0],[0,0]],"o":[[0,0],[0,0]],"v":[[50.855,8.306],[50.447,-3.688]],"c":false}]},{"i":{"x":0.667,"y":1},"o":{"x":0.333,"y":0},"t":105,"s":[{"i":[[0,0],[0,0]],"o":[[0,0],[0,0]],"v":[[48.756,11.46],[48.999,-0.538]],"c":false}]},{"i":{"x":0.667,"y":1},"o":{"x":0.333,"y":0},"t":118,"s":[{"i":[[0,0],[0,0]],"o":[[0,0],[0,0]],"v":[[50.855,8.306],[50.447,-3.688]],"c":false}]},{"i":{"x":0.667,"y":1},"o":{"x":0.333,"y":0},"t":131,"s":[{"i":[[0,0],[0,0]],"o":[[0,0],[0,0]],"v":[[48.756,11.46],[48.999,-0.538]],"c":false}]},{"i":{"x":0.667,"y":1},"o":{"x":0.333,"y":0},"t":144,"s":[{"i":[[0,0],[0,0]],"o":[[0,0],[0,0]],"v":[[50.855,8.306],[50.447,-3.688]],"c":false}]},{"i":{"x":0.667,"y":1},"o":{"x":0.333,"y":0},"t":157,"s":[{"i":[[0,0],[0,0]],"o":[[0,0],[0,0]],"v":[[46.256,10.46],[46.499,-1.538]],"c":false}]},{"i":{"x":0.667,"y":1},"o":{"x":0.167,"y":0},"t":169,"s":[{"i":[[0,0],[0,0]],"o":[[0,0],[0,0]],"v":[[48.696,8.051],[48.34,-3.945]],"c":false}]},{"t":181,"s":[{"i":[[0,0],[0,0]],"o":[[0,0],[0,0]],"v":[[48.058,9.456],[48.058,-2.545]],"c":false}]}],"ix":2},"nm":"Path 2","mn":"ADBE Vector Shape - Group","hd":false},{"ind":2,"ty":"sh","ix":3,"ks":{"a":1,"k":[{"i":{"x":0.667,"y":1},"o":{"x":0.333,"y":0},"t":40,"s":[{"i":[[0,0],[0,0]],"o":[[0,0],[0,0]],"v":[[49.843,88.022],[49.041,72.487]],"c":false}]},{"i":{"x":0.667,"y":1},"o":{"x":0.333,"y":0},"t":53,"s":[{"i":[[0,0],[0,0]],"o":[[0,0],[0,0]],"v":[[48.058,90.546],[48.058,74.99]],"c":false}]},{"i":{"x":0.667,"y":1},"o":{"x":0.333,"y":0},"t":66,"s":[{"i":[[0,0],[0,0]],"o":[[0,0],[0,0]],"v":[[53.612,89.349],[53.083,73.802]],"c":false}]},{"i":{"x":0.667,"y":1},"o":{"x":0.333,"y":0},"t":79,"s":[{"i":[[0,0],[0,0]],"o":[[0,0],[0,0]],"v":[[47.117,92.533],[47.432,76.981]],"c":false}]},{"i":{"x":0.667,"y":1},"o":{"x":0.333,"y":0},"t":92,"s":[{"i":[[0,0],[0,0]],"o":[[0,0],[0,0]],"v":[[53.612,89.349],[53.083,73.802]],"c":false}]},{"i":{"x":0.667,"y":1},"o":{"x":0.333,"y":0},"t":105,"s":[{"i":[[0,0],[0,0]],"o":[[0,0],[0,0]],"v":[[47.117,92.533],[47.432,76.981]],"c":false}]},{"i":{"x":0.667,"y":1},"o":{"x":0.333,"y":0},"t":118,"s":[{"i":[[0,0],[0,0]],"o":[[0,0],[0,0]],"v":[[53.612,89.349],[53.083,73.802]],"c":false}]},{"i":{"x":0.667,"y":1},"o":{"x":0.333,"y":0},"t":131,"s":[{"i":[[0,0],[0,0]],"o":[[0,0],[0,0]],"v":[[47.117,92.533],[47.432,76.981]],"c":false}]},{"i":{"x":0.667,"y":1},"o":{"x":0.333,"y":0},"t":144,"s":[{"i":[[0,0],[0,0]],"o":[[0,0],[0,0]],"v":[[53.612,89.349],[53.083,73.802]],"c":false}]},{"i":{"x":0.667,"y":1},"o":{"x":0.333,"y":0},"t":157,"s":[{"i":[[0,0],[0,0]],"o":[[0,0],[0,0]],"v":[[44.617,91.533],[44.932,75.981]],"c":false}]},{"i":{"x":0.667,"y":1},"o":{"x":0.167,"y":0},"t":169,"s":[{"i":[[0,0],[0,0]],"o":[[0,0],[0,0]],"v":[[51.101,89.105],[50.639,73.556]],"c":false}]},{"t":181,"s":[{"i":[[0,0],[0,0]],"o":[[0,0],[0,0]],"v":[[48.058,90.546],[48.058,74.99]],"c":false}]}],"ix":2},"nm":"Path 3","mn":"ADBE Vector Shape - Group","hd":false},{"ty":"st","c":{"a":0,"k":[0.00392156862745098,0.43529411764705883,0.7254901960784313,1],"ix":3},"o":{"a":0,"k":100,"ix":4},"w":{"a":0,"k":12,"ix":5},"lc":2,"lj":2,"bm":0,"nm":"Stroke 1","mn":"ADBE Vector Graphic - Stroke","hd":false},{"ty":"tr","p":{"a":0,"k":[0,0],"ix":2},"a":{"a":0,"k":[0,0],"ix":1},"s":{"a":0,"k":[100,100],"ix":3},"r":{"a":0,"k":0,"ix":6},"o":{"a":0,"k":100,"ix":7},"sk":{"a":0,"k":0,"ix":4},"sa":{"a":0,"k":0,"ix":5},"nm":"Transform"}],"nm":"Group 1","np":4,"cix":2,"bm":0,"ix":1,"mn":"ADBE Vector Group","hd":false},{"ty":"tr","p":{"a":0,"k":[0,0],"ix":2},"a":{"a":0,"k":[0,0],"ix":1},"s":{"a":0,"k":[100,100],"ix":3},"r":{"a":0,"k":0,"ix":6},"o":{"a":0,"k":100,"ix":7},"sk":{"a":0,"k":0,"ix":4},"sa":{"a":0,"k":0,"ix":5},"nm":"Transform"}],"nm":"Group 1","np":1,"cix":2,"bm":0,"ix":1,"mn":"ADBE Vector Group","hd":false},{"ty":"gr","it":[{"ind":0,"ty":"sh","ix":1,"ks":{"a":0,"k":{"i":[[0,0],[0,0],[0,0],[0,0],[0,0],[0,0],[0,0]],"o":[[0,0],[0,0],[0,0],[0,0],[0,0],[0,0],[0,0]],"v":[[108.007,-129.844],[70.723,-147.804],[36.939,-124.732],[-0.347,-142.692],[-34.131,-119.619],[-71.421,-137.579],[-105.21,-114.507]],"c":false},"ix":2},"nm":"Path 5","mn":"ADBE Vector Shape - Group","hd":false},{"ty":"st","c":{"a":0,"k":[0.00392156862745098,0.43529411764705883,0.7254901960784313,1],"ix":3},"o":{"a":0,"k":100,"ix":4},"w":{"a":0,"k":12,"ix":5},"lc":2,"lj":2,"bm":0,"nm":"Stroke 1","mn":"ADBE Vector Graphic - Stroke","hd":false},{"ty":"tr","p":{"a":0,"k":[0,0],"ix":2},"a":{"a":0,"k":[0,0],"ix":1},"s":{"a":0,"k":[100,100],"ix":3},"r":{"a":0,"k":0,"ix":6},"o":{"a":0,"k":0,"ix":7},"sk":{"a":0,"k":0,"ix":4},"sa":{"a":0,"k":0,"ix":5},"nm":"Transform"}],"nm":"Group 3","np":2,"cix":2,"bm":0,"ix":2,"mn":"ADBE Vector Group","hd":false},{"ty":"gr","it":[{"ind":0,"ty":"sh","ix":1,"ks":{"a":1,"k":[{"i":{"x":0.667,"y":1},"o":{"x":0.333,"y":0},"t":40,"s":[{"i":[[0,0],[0,0]],"o":[[0,0],[0,0]],"v":[[-70.58,94.235],[-7.639,90.988]],"c":false}]},{"i":{"x":0.667,"y":1},"o":{"x":0.333,"y":0},"t":53,"s":[{"i":[[0,0],[0,0]],"o":[[0,0],[0,0]],"v":[[-72.525,90.546],[-9.5,90.546]],"c":false}]},{"i":{"x":0.667,"y":1},"o":{"x":0.333,"y":0},"t":66,"s":[{"i":[[0,0],[0,0]],"o":[[0,0],[0,0]],"v":[[-66.901,93.449],[-3.413,88.806]],"c":false}]},{"i":{"x":0.667,"y":1},"o":{"x":0.333,"y":0},"t":79,"s":[{"i":[[0,0],[0,0]],"o":[[0,0],[0,0]],"v":[[-73.025,89.046],[-10.5,91.546]],"c":false}]},{"i":{"x":0.667,"y":1},"o":{"x":0.333,"y":0},"t":92,"s":[{"i":[[0,0],[0,0]],"o":[[0,0],[0,0]],"v":[[-66.901,93.449],[-3.413,88.806]],"c":false}]},{"i":{"x":0.667,"y":1},"o":{"x":0.333,"y":0},"t":105,"s":[{"i":[[0,0],[0,0]],"o":[[0,0],[0,0]],"v":[[-73.025,89.046],[-10.5,91.546]],"c":false}]},{"i":{"x":0.667,"y":1},"o":{"x":0.333,"y":0},"t":118,"s":[{"i":[[0,0],[0,0]],"o":[[0,0],[0,0]],"v":[[-66.901,93.449],[-3.413,88.806]],"c":false}]},{"i":{"x":0.667,"y":1},"o":{"x":0.333,"y":0},"t":131,"s":[{"i":[[0,0],[0,0]],"o":[[0,0],[0,0]],"v":[[-73.025,89.046],[-10.5,91.546]],"c":false}]},{"i":{"x":0.667,"y":1},"o":{"x":0.333,"y":0},"t":144,"s":[{"i":[[0,0],[0,0]],"o":[[0,0],[0,0]],"v":[[-66.901,93.449],[-3.413,88.806]],"c":false}]},{"i":{"x":0.667,"y":1},"o":{"x":0.333,"y":0},"t":157,"s":[{"i":[[0,0],[0,0]],"o":[[0,0],[0,0]],"v":[[-75.525,88.046],[-13,90.546]],"c":false}]},{"i":{"x":0.667,"y":1},"o":{"x":0.167,"y":0},"t":169,"s":[{"i":[[0,0],[0,0]],"o":[[0,0],[0,0]],"v":[[-69.071,91.196],[-6.433,90.812]],"c":false}]},{"t":181,"s":[{"i":[[0,0],[0,0]],"o":[[0,0],[0,0]],"v":[[-72.525,90.546],[-9.5,90.546]],"c":false}]}],"ix":2},"nm":"Path 1","mn":"ADBE Vector Shape - Group","hd":false},{"ind":1,"ty":"sh","ix":2,"ks":{"a":1,"k":[{"i":{"x":0.667,"y":1},"o":{"x":0.333,"y":0},"t":40,"s":[{"i":[[0,0],[0,0]],"o":[[0,0],[0,0]],"v":[[-72.979,47.751],[-10.038,44.504]],"c":false}]},{"i":{"x":0.667,"y":1},"o":{"x":0.333,"y":0},"t":53,"s":[{"i":[[0,0],[0,0]],"o":[[0,0],[0,0]],"v":[[-72.525,44],[-9.5,44]],"c":false}]},{"i":{"x":0.667,"y":1},"o":{"x":0.333,"y":0},"t":66,"s":[{"i":[[0,0],[0,0]],"o":[[0,0],[0,0]],"v":[[-68.484,46.931],[-5.995,44.288]],"c":false}]},{"i":{"x":0.667,"y":1},"o":{"x":0.333,"y":0},"t":79,"s":[{"i":[[0,0],[0,0]],"o":[[0,0],[0,0]],"v":[[-73.025,42.5],[-10.5,45]],"c":false}]},{"i":{"x":0.667,"y":1},"o":{"x":0.333,"y":0},"t":92,"s":[{"i":[[0,0],[0,0]],"o":[[0,0],[0,0]],"v":[[-68.484,46.931],[-5.995,44.288]],"c":false}]},{"i":{"x":0.667,"y":1},"o":{"x":0.333,"y":0},"t":105,"s":[{"i":[[0,0],[0,0]],"o":[[0,0],[0,0]],"v":[[-73.025,42.5],[-10.5,45]],"c":false}]},{"i":{"x":0.667,"y":1},"o":{"x":0.333,"y":0},"t":118,"s":[{"i":[[0,0],[0,0]],"o":[[0,0],[0,0]],"v":[[-68.484,46.931],[-5.995,44.288]],"c":false}]},{"i":{"x":0.667,"y":1},"o":{"x":0.333,"y":0},"t":131,"s":[{"i":[[0,0],[0,0]],"o":[[0,0],[0,0]],"v":[[-73.025,42.5],[-10.5,45]],"c":false}]},{"i":{"x":0.667,"y":1},"o":{"x":0.333,"y":0},"t":144,"s":[{"i":[[0,0],[0,0]],"o":[[0,0],[0,0]],"v":[[-68.484,46.931],[-5.995,44.288]],"c":false}]},{"i":{"x":0.667,"y":1},"o":{"x":0.333,"y":0},"t":157,"s":[{"i":[[0,0],[0,0]],"o":[[0,0],[0,0]],"v":[[-75.525,41.5],[-13,44]],"c":false}]},{"i":{"x":0.667,"y":1},"o":{"x":0.167,"y":0},"t":169,"s":[{"i":[[0,0],[0,0]],"o":[[0,0],[0,0]],"v":[[-70.023,44.661],[-7.813,44.287]],"c":false}]},{"t":181,"s":[{"i":[[0,0],[0,0]],"o":[[0,0],[0,0]],"v":[[-72.525,44],[-9.5,44]],"c":false}]}],"ix":2},"nm":"Path 2","mn":"ADBE Vector Shape - Group","hd":false},{"ind":2,"ty":"sh","ix":3,"ks":{"a":1,"k":[{"i":{"x":0.667,"y":1},"o":{"x":0.333,"y":0},"t":53,"s":[{"i":[[0,0],[0,0]],"o":[[0,0],[0,0]],"v":[[-72.525,-114.062],[-9.5,-114.062]],"c":false}]},{"i":{"x":0.667,"y":1},"o":{"x":0.333,"y":0},"t":66,"s":[{"i":[[0,0],[0,0]],"o":[[0,0],[0,0]],"v":[[-72.525,-114.062],[-9.5,-114.062]],"c":false}]},{"i":{"x":0.667,"y":1},"o":{"x":0.333,"y":0},"t":79,"s":[{"i":[[0,0],[0,0]],"o":[[0,0],[0,0]],"v":[[-72.525,-114.062],[-9.5,-114.062]],"c":false}]},{"i":{"x":0.667,"y":1},"o":{"x":0.333,"y":0},"t":92,"s":[{"i":[[0,0],[0,0]],"o":[[0,0],[0,0]],"v":[[-72.525,-114.062],[-9.5,-114.062]],"c":false}]},{"i":{"x":0.667,"y":1},"o":{"x":0.333,"y":0},"t":105,"s":[{"i":[[0,0],[0,0]],"o":[[0,0],[0,0]],"v":[[-72.525,-114.062],[-9.5,-114.062]],"c":false}]},{"i":{"x":0.667,"y":1},"o":{"x":0.333,"y":0},"t":118,"s":[{"i":[[0,0],[0,0]],"o":[[0,0],[0,0]],"v":[[-72.525,-114.062],[-9.5,-114.062]],"c":false}]},{"i":{"x":0.667,"y":1},"o":{"x":0.333,"y":0},"t":131,"s":[{"i":[[0,0],[0,0]],"o":[[0,0],[0,0]],"v":[[-72.525,-114.062],[-9.5,-114.062]],"c":false}]},{"i":{"x":0.667,"y":1},"o":{"x":0.333,"y":0},"t":144,"s":[{"i":[[0,0],[0,0]],"o":[[0,0],[0,0]],"v":[[-72.525,-114.062],[-9.5,-114.062]],"c":false}]},{"i":{"x":0.667,"y":1},"o":{"x":0.333,"y":0},"t":157,"s":[{"i":[[0,0],[0,0]],"o":[[0,0],[0,0]],"v":[[-72.525,-114.062],[-9.5,-114.062]],"c":false}]},{"i":{"x":0.667,"y":1},"o":{"x":0.167,"y":0},"t":169,"s":[{"i":[[0,0],[0,0]],"o":[[0,0],[0,0]],"v":[[-72.525,-114.062],[-9.5,-114.062]],"c":false}]},{"t":181,"s":[{"i":[[0,0],[0,0]],"o":[[0,0],[0,0]],"v":[[-72.525,-114.062],[-9.5,-114.062]],"c":false}]}],"ix":2},"nm":"Path 3","mn":"ADBE Vector Shape - Group","hd":false},{"ind":3,"ty":"sh","ix":4,"ks":{"a":1,"k":[{"i":{"x":0.667,"y":1},"o":{"x":0.333,"y":0},"t":40,"s":[{"i":[[0,0],[0,0]],"o":[[0,0],[0,0]],"v":[[-75.377,1.268],[-12.436,-1.98]],"c":false}]},{"i":{"x":0.667,"y":1},"o":{"x":0.333,"y":0},"t":53,"s":[{"i":[[0,0],[0,0]],"o":[[0,0],[0,0]],"v":[[-72.525,-2.545],[-9.5,-2.545]],"c":false}]},{"i":{"x":0.667,"y":1},"o":{"x":0.333,"y":0},"t":66,"s":[{"i":[[0,0],[0,0]],"o":[[0,0],[0,0]],"v":[[-70.066,0.412],[-7.078,-1.731]],"c":false}]},{"i":{"x":0.667,"y":1},"o":{"x":0.333,"y":0},"t":79,"s":[{"i":[[0,0],[0,0]],"o":[[0,0],[0,0]],"v":[[-71.525,-3.545],[-10.5,-1.545]],"c":false}]},{"i":{"x":0.667,"y":1},"o":{"x":0.333,"y":0},"t":92,"s":[{"i":[[0,0],[0,0]],"o":[[0,0],[0,0]],"v":[[-70.066,0.412],[-7.078,-1.731]],"c":false}]},{"i":{"x":0.667,"y":1},"o":{"x":0.333,"y":0},"t":105,"s":[{"i":[[0,0],[0,0]],"o":[[0,0],[0,0]],"v":[[-71.525,-3.545],[-10.5,-1.545]],"c":false}]},{"i":{"x":0.667,"y":1},"o":{"x":0.333,"y":0},"t":118,"s":[{"i":[[0,0],[0,0]],"o":[[0,0],[0,0]],"v":[[-70.066,0.412],[-7.078,-1.731]],"c":false}]},{"i":{"x":0.667,"y":1},"o":{"x":0.333,"y":0},"t":131,"s":[{"i":[[0,0],[0,0]],"o":[[0,0],[0,0]],"v":[[-71.525,-3.545],[-10.5,-1.545]],"c":false}]},{"i":{"x":0.667,"y":1},"o":{"x":0.333,"y":0},"t":144,"s":[{"i":[[0,0],[0,0]],"o":[[0,0],[0,0]],"v":[[-70.066,0.412],[-7.078,-1.731]],"c":false}]},{"i":{"x":0.667,"y":1},"o":{"x":0.333,"y":0},"t":157,"s":[{"i":[[0,0],[0,0]],"o":[[0,0],[0,0]],"v":[[-74.025,-4.545],[-13,-2.545]],"c":false}]},{"i":{"x":0.667,"y":1},"o":{"x":0.167,"y":0},"t":169,"s":[{"i":[[0,0],[0,0]],"o":[[0,0],[0,0]],"v":[[-70.976,-1.875],[-9.193,-2.238]],"c":false}]},{"t":181,"s":[{"i":[[0,0],[0,0]],"o":[[0,0],[0,0]],"v":[[-72.525,-2.545],[-9.5,-2.545]],"c":false}]}],"ix":2},"nm":"Path 4","mn":"ADBE Vector Shape - Group","hd":false},{"ind":4,"ty":"sh","ix":5,"ks":{"a":1,"k":[{"i":{"x":0.667,"y":1},"o":{"x":0.333,"y":0},"t":40,"s":[{"i":[[0,0],[0,0],[0,0],[0,0],[0,0],[0,0],[0,0],[0,0],[0,105.565]],"o":[[0,105.565],[0,0],[0,0],[0,0],[0,0],[0,0],[0,0],[0,0],[0,0]],"v":[[108.22,-158.262],[113.423,152.721],[76.355,134.33],[41.377,156.438],[4.307,138.047],[-30.673,160.155],[-67.746,141.764],[-102.73,163.872],[-108.22,-158.262]],"c":false}]},{"i":{"x":0.667,"y":1},"o":{"x":0.333,"y":0},"t":53,"s":[{"i":[[0,0],[0,0],[0,0],[0,0],[0,0],[0,0],[0,0],[0,0],[0,105.565]],"o":[[0,105.565],[0,0],[0,0],[0,0],[0,0],[0,0],[0,0],[0,0],[0,0]],"v":[[108.22,-158.262],[102.13,163.472],[67.044,141.535],[30.066,160.106],[-5.022,138.169],[-42,156.741],[-77.092,134.803],[-114.076,153.374],[-108.22,-158.262]],"c":false}]},{"i":{"x":0.667,"y":1},"o":{"x":0.333,"y":0},"t":66,"s":[{"i":[[0,0],[0,0],[0,0],[0,0],[0,0],[0,0],[0,0],[0,0],[0,105.565]],"o":[[0,105.565],[0,0],[0,0],[0,0],[0,0],[0,0],[0,0],[0,0],[0,0]],"v":[[108.22,-158.262],[114.884,156.607],[78.302,137.268],[42.766,158.468],[6.181,139.129],[-29.355,160.329],[-65.943,140.99],[-101.485,162.191],[-108.22,-158.262]],"c":false}]},{"i":{"x":0.667,"y":1},"o":{"x":0.333,"y":0},"t":79,"s":[{"i":[[0,0],[0,0],[0,0],[0,0],[0,0],[0,0],[0,0],[0,0],[0,105.565]],"o":[[0,105.565],[0,0],[0,0],[0,0],[0,0],[0,0],[0,0],[0,0],[0,0]],"v":[[108.22,-158.262],[102.13,163.472],[67.044,141.535],[30.066,160.106],[-5.022,138.169],[-42,156.741],[-77.092,134.803],[-114.076,153.374],[-108.22,-158.262]],"c":false}]},{"i":{"x":0.667,"y":1},"o":{"x":0.333,"y":0},"t":92,"s":[{"i":[[0,0],[0,0],[0,0],[0,0],[0,0],[0,0],[0,0],[0,0],[0,105.565]],"o":[[0,105.565],[0,0],[0,0],[0,0],[0,0],[0,0],[0,0],[0,0],[0,0]],"v":[[108.22,-158.262],[114.884,156.607],[78.302,137.268],[42.766,158.468],[6.181,139.129],[-29.355,160.329],[-65.943,140.99],[-101.485,162.191],[-108.22,-158.262]],"c":false}]},{"i":{"x":0.667,"y":1},"o":{"x":0.333,"y":0},"t":105,"s":[{"i":[[0,0],[0,0],[0,0],[0,0],[0,0],[0,0],[0,0],[0,0],[0,105.565]],"o":[[0,105.565],[0,0],[0,0],[0,0],[0,0],[0,0],[0,0],[0,0],[0,0]],"v":[[108.22,-158.262],[102.13,163.472],[67.044,141.535],[30.066,160.106],[-5.022,138.169],[-42,156.741],[-77.092,134.803],[-114.076,153.374],[-108.22,-158.262]],"c":false}]},{"i":{"x":0.667,"y":1},"o":{"x":0.333,"y":0},"t":118,"s":[{"i":[[0,0],[0,0],[0,0],[0,0],[0,0],[0,0],[0,0],[0,0],[0,105.565]],"o":[[0,105.565],[0,0],[0,0],[0,0],[0,0],[0,0],[0,0],[0,0],[0,0]],"v":[[108.22,-158.262],[114.884,156.607],[78.302,137.268],[42.766,158.468],[6.181,139.129],[-29.355,160.329],[-65.943,140.99],[-101.485,162.191],[-108.22,-158.262]],"c":false}]},{"i":{"x":0.667,"y":1},"o":{"x":0.333,"y":0},"t":131,"s":[{"i":[[0,0],[0,0],[0,0],[0,0],[0,0],[0,0],[0,0],[0,0],[0,105.565]],"o":[[0,105.565],[0,0],[0,0],[0,0],[0,0],[0,0],[0,0],[0,0],[0,0]],"v":[[108.22,-158.262],[102.13,163.472],[67.044,141.535],[30.066,160.106],[-5.022,138.169],[-42,156.741],[-77.092,134.803],[-114.076,153.374],[-108.22,-158.262]],"c":false}]},{"i":{"x":0.667,"y":1},"o":{"x":0.333,"y":0},"t":144,"s":[{"i":[[0,0],[0,0],[0,0],[0,0],[0,0],[0,0],[0,0],[0,0],[0,105.565]],"o":[[0,105.565],[0,0],[0,0],[0,0],[0,0],[0,0],[0,0],[0,0],[0,0]],"v":[[108.441,-168.262],[114.884,156.607],[78.302,137.268],[42.766,158.468],[6.181,139.129],[-29.355,160.329],[-65.943,140.99],[-101.485,162.191],[-108,-168.262]],"c":false}]},{"i":{"x":0.667,"y":1},"o":{"x":0.333,"y":0},"t":157,"s":[{"i":[[0,0],[0,0],[0,0],[0,0],[0,0],[0,0],[0,0],[0,0],[0,105.565]],"o":[[0,105.565],[0,0],[0,0],[0,0],[0,0],[0,0],[0,0],[0,0],[0,0]],"v":[[108.22,-158.262],[102.13,163.472],[67.044,141.535],[30.066,160.106],[-5.022,138.169],[-42,156.741],[-77.092,134.803],[-114.076,153.374],[-108.22,-158.262]],"c":false}]},{"i":{"x":0.667,"y":1},"o":{"x":0.167,"y":0},"t":169,"s":[{"i":[[0,0],[0,0],[0,0],[0,0],[0,0],[0,0],[0,0],[0,0],[0,105.565]],"o":[[0,105.565],[0,0],[0,0],[0,0],[0,0],[0,0],[0,0],[0,0],[0,0]],"v":[[108.22,-158.262],[113.249,155.18],[76.593,135.982],[41.139,157.319],[4.481,138.121],[-30.974,159.458],[-67.636,140.26],[-103.096,161.597],[-108.22,-158.262]],"c":false}]},{"t":181,"s":[{"i":[[0,0],[0,0],[0,0],[0,0],[0,0],[0,0],[0,0],[0,0],[0,105.565]],"o":[[0,105.565],[0,0],[0,0],[0,0],[0,0],[0,0],[0,0],[0,0],[0,0]],"v":[[108.22,-158.262],[108.22,158.434],[72.15,138.158],[36.078,158.434],[0.005,138.158],[-36.067,158.434],[-72.144,138.158],[-108.22,158.434],[-108.22,-158.262]],"c":false}]}],"ix":2},"nm":"Path 5","mn":"ADBE Vector Shape - Group","hd":false},{"ind":5,"ty":"sh","ix":6,"ks":{"a":1,"k":[{"i":{"x":0.667,"y":1},"o":{"x":0.333,"y":0},"t":40,"s":[{"i":[[0,0],[0,0]],"o":[[0,0],[0,0]],"v":[[-77.775,-45.216],[67.082,-52.689]],"c":false}]},{"i":{"x":0.667,"y":1},"o":{"x":0.333,"y":0},"t":53,"s":[{"i":[[0,0],[0,0]],"o":[[0,0],[0,0]],"v":[[-72.525,-49.09],[72.525,-49.09]],"c":false}]},{"i":{"x":0.667,"y":1},"o":{"x":0.333,"y":0},"t":66,"s":[{"i":[[0,0],[0,0]],"o":[[0,0],[0,0]],"v":[[-72.525,-49.09],[72.525,-49.09]],"c":false}]},{"i":{"x":0.667,"y":1},"o":{"x":0.333,"y":0},"t":79,"s":[{"i":[[0,0],[0,0]],"o":[[0,0],[0,0]],"v":[[-72.525,-49.09],[72.525,-49.09]],"c":false}]},{"i":{"x":0.667,"y":1},"o":{"x":0.333,"y":0},"t":92,"s":[{"i":[[0,0],[0,0]],"o":[[0,0],[0,0]],"v":[[-72.525,-49.09],[72.525,-49.09]],"c":false}]},{"i":{"x":0.667,"y":1},"o":{"x":0.333,"y":0},"t":105,"s":[{"i":[[0,0],[0,0]],"o":[[0,0],[0,0]],"v":[[-72.525,-49.09],[72.525,-49.09]],"c":false}]},{"i":{"x":0.667,"y":1},"o":{"x":0.333,"y":0},"t":118,"s":[{"i":[[0,0],[0,0]],"o":[[0,0],[0,0]],"v":[[-72.525,-49.09],[72.525,-49.09]],"c":false}]},{"i":{"x":0.667,"y":1},"o":{"x":0.333,"y":0},"t":131,"s":[{"i":[[0,0],[0,0]],"o":[[0,0],[0,0]],"v":[[-72.525,-49.09],[72.525,-49.09]],"c":false}]},{"i":{"x":0.667,"y":1},"o":{"x":0.333,"y":0},"t":144,"s":[{"i":[[0,0],[0,0]],"o":[[0,0],[0,0]],"v":[[-72.525,-49.09],[72.525,-49.09]],"c":false}]},{"i":{"x":0.667,"y":1},"o":{"x":0.333,"y":0},"t":157,"s":[{"i":[[0,0],[0,0]],"o":[[0,0],[0,0]],"v":[[-75.025,-50.09],[70.025,-50.09]],"c":false}]},{"i":{"x":0.667,"y":1},"o":{"x":0.167,"y":0},"t":169,"s":[{"i":[[0,0],[0,0]],"o":[[0,0],[0,0]],"v":[[-71.928,-48.411],[71.417,-51.195]],"c":false}]},{"t":181,"s":[{"i":[[0,0],[0,0]],"o":[[0,0],[0,0]],"v":[[-72.525,-49.09],[72.525,-49.09]],"c":false}]}],"ix":2},"nm":"Path 6","mn":"ADBE Vector Shape - Group","hd":false},{"ty":"st","c":{"a":0,"k":[0.2,0.2,0.2,1],"ix":3},"o":{"a":0,"k":100,"ix":4},"w":{"a":0,"k":12,"ix":5},"lc":2,"lj":2,"bm":0,"nm":"Stroke 1","mn":"ADBE Vector Graphic - Stroke","hd":false},{"ty":"tr","p":{"a":0,"k":[0,0],"ix":2},"a":{"a":0,"k":[0,0],"ix":1},"s":{"a":0,"k":[100,100],"ix":3},"r":{"a":0,"k":0,"ix":6},"o":{"a":0,"k":100,"ix":7},"sk":{"a":0,"k":0,"ix":4},"sa":{"a":0,"k":0,"ix":5},"nm":"Transform"}],"nm":"Group 2","np":7,"cix":2,"bm":0,"ix":3,"mn":"ADBE Vector Group","hd":false}],"ip":29,"op":844,"st":0,"bm":0},{"ddd":0,"ind":4,"ty":4,"nm":"outline 10","sr":1,"ks":{"o":{"a":0,"k":100,"ix":11},"r":{"a":1,"k":[{"i":{"x":[0.667],"y":[1]},"o":{"x":[0.167],"y":[0.167]},"t":29,"s":[0]},{"i":{"x":[0.667],"y":[1]},"o":{"x":[0.333],"y":[0]},"t":50.145,"s":[-85.121]},{"i":{"x":[0.801],"y":[1.054]},"o":{"x":[0.333],"y":[0]},"t":78.072,"s":[-46.681]},{"t":106,"s":[-27]}],"ix":10},"p":{"a":1,"k":[{"i":{"x":0.667,"y":1},"o":{"x":0.167,"y":0.167},"t":29,"s":[250,250.086,0],"to":[2.333,50.5,0],"ti":[-56.854,-3.085,0]},{"i":{"x":0.667,"y":1},"o":{"x":0.333,"y":0},"t":42,"s":[326.072,373.547,0],"to":[0.13,66.08,0],"ti":[72.512,-2.693,0]},{"i":{"x":0.833,"y":0.833},"o":{"x":0.333,"y":0},"t":69.928,"s":[210.651,521.096,0],"to":[-0.844,97.349,0],"ti":[0,-41.443,0]},{"t":97.85546875,"s":[306,827.086,0]}],"ix":2,"l":2},"a":{"a":0,"k":[0,0.086,0],"ix":1,"l":2},"s":{"a":0,"k":[100,100,100],"ix":6,"l":2}},"ao":0,"shapes":[{"ty":"gr","it":[{"ty":"gr","it":[{"ind":0,"ty":"sh","ix":1,"ks":{"a":1,"k":[{"i":{"x":0.23,"y":1},"o":{"x":0.167,"y":0.167},"t":0,"s":[{"i":[[0,0],[-8.554,-0.469],[-1.723,0.217],[-3.194,2.644],[-0.099,4.151],[10.873,3.023],[-1.218,11.459],[-5.955,1.931],[-2.373,-0.054],[-4.376,-7.489]],"o":[[5.351,6.749],[1.714,0.09],[4.115,-0.523],[3.194,-2.644],[0.298,-12.434],[-10.241,-2.833],[0.659,-6.217],[2.328,-0.758],[8.698,0.171],[0,0]],"v":[[25.97,63.522],[48.058,74.99],[53.219,74.809],[64.597,70.208],[70.128,59.488],[48.058,41.235],[29.353,23.901],[40.966,10.484],[48.058,9.456],[69.623,22.322]],"c":false}]},{"i":{"x":0.833,"y":0.833},"o":{"x":0.316,"y":0},"t":18,"s":[{"i":[[0,0],[-8.395,-1.378],[-1.737,-0.03],[-3.549,1.732],[-0.71,3.304],[10.314,3.699],[-2.89,9.01],[-6.174,0.84],[-2.34,-0.32],[-3.224,-6.504]],"o":[[4.297,6.029],[1.682,0.276],[4.147,0.072],[3.549,-1.732],[2.127,-9.897],[-9.712,-3.483],[1.568,-4.888],[2.414,-0.328],[8.578,1.173],[0,0]],"v":[[0.593,35.388],[20.749,47.179],[25.881,47.649],[37.813,45.328],[44.864,37.424],[25.725,20.214],[9.78,4.141],[23.243,-5.195],[30.41,-5.172],[49.842,7.674]],"c":false}]},{"i":{"x":0.667,"y":1},"o":{"x":0.167,"y":0.167},"t":29,"s":[{"i":[[0,0],[-8.549,0.605],[-1.676,0.468],[-2.781,3.37],[0.508,4.654],[11.226,1.955],[0.471,12.971],[-5.619,2.938],[-2.36,0.255],[-5.434,-7.807]],"o":[[6.292,6.853],[1.713,-0.121],[4.003,-1.118],[2.781,-3.37],[-1.522,-13.942],[-10.569,-1.841],[-0.256,-7.037],[2.198,-1.149],[8.65,-0.936],[0,0]],"v":[[50.537,103.789],[74.116,113.75],[79.207,112.879],[89.816,106.259],[93.734,93.556],[69.182,76.006],[48.101,59.048],[57.655,42.54],[64.537,40.471],[87.801,52.063]],"c":false}]},{"i":{"x":0.667,"y":1},"o":{"x":0.333,"y":0},"t":44,"s":[{"i":[[0,0],[-8.553,0.481],[-1.689,0.405],[-2.888,2.975],[0.352,4.137],[11.139,1.811],[0.036,11.524],[-5.707,2.573],[-2.364,0.211],[-5.163,-6.97]],"o":[[6.051,6.129],[1.714,-0.096],[4.033,-0.967],[2.888,-2.975],[-1.053,-12.393],[-10.488,-1.705],[-0.02,-6.252],[2.232,-1.006],[8.665,-0.773],[0,0]],"v":[[21.678,67.306],[44.88,76.31],[49.992,75.571],[60.803,69.761],[65.138,58.505],[41.218,42.754],[20.743,27.553],[30.831,12.955],[37.769,11.163],[60.603,21.613]],"c":false}]},{"t":82,"s":[{"i":[[0,0],[-8.554,-0.469],[-1.723,0.217],[-3.194,2.644],[-0.099,4.151],[10.873,3.023],[-1.218,11.459],[-5.955,1.931],[-2.373,-0.054],[-4.376,-7.489]],"o":[[5.351,6.749],[1.714,0.09],[4.115,-0.523],[3.194,-2.644],[0.298,-12.434],[-10.241,-2.833],[0.659,-6.217],[2.328,-0.758],[8.698,0.171],[0,0]],"v":[[25.97,63.522],[48.058,74.99],[53.219,74.809],[64.597,70.208],[70.128,59.488],[48.058,41.235],[29.353,23.901],[40.966,10.484],[48.058,9.456],[69.623,22.322]],"c":false}]}],"ix":2},"nm":"Path 1","mn":"ADBE Vector Shape - Group","hd":false},{"ind":1,"ty":"sh","ix":2,"ks":{"a":1,"k":[{"i":{"x":0.23,"y":1},"o":{"x":0.167,"y":0.167},"t":0,"s":[{"i":[[0,0],[0,0]],"o":[[0,0],[0,0]],"v":[[48.058,9.456],[48.058,-2.545]],"c":false}]},{"i":{"x":0.833,"y":0.833},"o":{"x":0.316,"y":0},"t":18,"s":[{"i":[[0,0],[0,0]],"o":[[0,0],[0,0]],"v":[[30.41,-5.172],[32.179,-14.759]],"c":false}]},{"i":{"x":0.667,"y":1},"o":{"x":0.167,"y":0.167},"t":29,"s":[{"i":[[0,0],[0,0]],"o":[[0,0],[0,0]],"v":[[64.537,40.471],[62.783,27.052]],"c":false}]},{"i":{"x":0.667,"y":1},"o":{"x":0.333,"y":0},"t":44,"s":[{"i":[[0,0],[0,0]],"o":[[0,0],[0,0]],"v":[[37.769,11.163],[36.467,-0.767]],"c":false}]},{"t":82,"s":[{"i":[[0,0],[0,0]],"o":[[0,0],[0,0]],"v":[[48.058,9.456],[48.058,-2.545]],"c":false}]}],"ix":2},"nm":"Path 2","mn":"ADBE Vector Shape - Group","hd":false},{"ind":2,"ty":"sh","ix":3,"ks":{"a":1,"k":[{"i":{"x":0.23,"y":1},"o":{"x":0.167,"y":0.167},"t":0,"s":[{"i":[[0,0],[0,0]],"o":[[0,0],[0,0]],"v":[[48.058,90.546],[48.058,74.99]],"c":false}]},{"i":{"x":0.833,"y":0.833},"o":{"x":0.316,"y":0},"t":18,"s":[{"i":[[0,0],[0,0]],"o":[[0,0],[0,0]],"v":[[18.456,59.606],[20.749,47.179]],"c":false}]},{"i":{"x":0.667,"y":1},"o":{"x":0.167,"y":0.167},"t":29,"s":[{"i":[[0,0],[0,0]],"o":[[0,0],[0,0]],"v":[[76.389,131.144],[74.116,113.75]],"c":false}]},{"i":{"x":0.667,"y":1},"o":{"x":0.333,"y":0},"t":44,"s":[{"i":[[0,0],[0,0]],"o":[[0,0],[0,0]],"v":[[46.568,91.774],[44.88,76.31]],"c":false}]},{"t":82,"s":[{"i":[[0,0],[0,0]],"o":[[0,0],[0,0]],"v":[[48.058,90.546],[48.058,74.99]],"c":false}]}],"ix":2},"nm":"Path 3","mn":"ADBE Vector Shape - Group","hd":false},{"ty":"st","c":{"a":0,"k":[0.00392156862745098,0.43529411764705883,0.7254901960784313,1],"ix":3},"o":{"a":0,"k":100,"ix":4},"w":{"a":0,"k":12,"ix":5},"lc":2,"lj":2,"bm":0,"nm":"Stroke 1","mn":"ADBE Vector Graphic - Stroke","hd":false},{"ty":"tr","p":{"a":0,"k":[0,0],"ix":2},"a":{"a":0,"k":[0,0],"ix":1},"s":{"a":0,"k":[100,100],"ix":3},"r":{"a":0,"k":0,"ix":6},"o":{"a":0,"k":100,"ix":7},"sk":{"a":0,"k":0,"ix":4},"sa":{"a":0,"k":0,"ix":5},"nm":"Transform"}],"nm":"Group 1","np":4,"cix":2,"bm":0,"ix":1,"mn":"ADBE Vector Group","hd":false},{"ty":"tr","p":{"a":0,"k":[0,0],"ix":2},"a":{"a":0,"k":[0,0],"ix":1},"s":{"a":0,"k":[100,100],"ix":3},"r":{"a":0,"k":0,"ix":6},"o":{"a":0,"k":100,"ix":7},"sk":{"a":0,"k":0,"ix":4},"sa":{"a":0,"k":0,"ix":5},"nm":"Transform"}],"nm":"Group 1","np":1,"cix":2,"bm":0,"ix":1,"mn":"ADBE Vector Group","hd":false},{"ty":"gr","it":[{"ind":0,"ty":"sh","ix":1,"ks":{"a":1,"k":[{"i":{"x":0.833,"y":0.833},"o":{"x":0.167,"y":0.167},"t":18,"s":[{"i":[[0,0],[0,0],[0,0],[0,0],[0,0],[0,0],[0,0]],"o":[[0,0],[0,0],[0,0],[0,0],[0,0],[0,0],[0,0]],"v":[[108.007,-129.844],[70.723,-147.804],[36.939,-124.732],[-0.347,-142.692],[-34.131,-119.619],[-71.421,-137.579],[-105.21,-114.507]],"c":false}]},{"i":{"x":0.833,"y":0.833},"o":{"x":0.167,"y":0.167},"t":29,"s":[{"i":[[0,0],[0,0],[0,0],[0,0],[0,0],[0,0],[0,0]],"o":[[0,0],[0,0],[0,0],[0,0],[0,0],[0,0],[0,0]],"v":[[108.007,-126.689],[70.723,-146.643],[36.939,-121.01],[-0.347,-140.963],[-34.131,-115.33],[-71.421,-135.283],[-105.21,-109.649]],"c":false}]},{"t":44,"s":[{"i":[[0,0],[0,0],[0,0],[0,0],[0,0],[0,0],[0,0]],"o":[[0,0],[0,0],[0,0],[0,0],[0,0],[0,0],[0,0]],"v":[[108.293,-158.902],[72.335,-182.206],[36.191,-158.97],[0.232,-182.274],[-35.913,-159.039],[-71.877,-182.342],[-108.026,-159.107]],"c":false}]}],"ix":2},"nm":"Path 5","mn":"ADBE Vector Shape - Group","hd":false},{"ty":"st","c":{"a":0,"k":[0.2,0.2,0.2,1],"ix":3},"o":{"a":0,"k":100,"ix":4},"w":{"a":0,"k":12,"ix":5},"lc":2,"lj":2,"bm":0,"nm":"Stroke 1","mn":"ADBE Vector Graphic - Stroke","hd":false},{"ty":"tr","p":{"a":0,"k":[0,0],"ix":2},"a":{"a":0,"k":[0,0],"ix":1},"s":{"a":0,"k":[100,100],"ix":3},"r":{"a":0,"k":0,"ix":6},"o":{"a":1,"k":[{"t":18,"s":[0],"h":1},{"t":29,"s":[100],"h":1}],"ix":7},"sk":{"a":0,"k":0,"ix":4},"sa":{"a":0,"k":0,"ix":5},"nm":"Transform"}],"nm":"Group 3","np":2,"cix":2,"bm":0,"ix":2,"mn":"ADBE Vector Group","hd":false},{"ty":"gr","it":[{"ind":0,"ty":"sh","ix":1,"ks":{"a":1,"k":[{"i":{"x":0.23,"y":1},"o":{"x":0.167,"y":0.167},"t":0,"s":[{"i":[[0,0],[0,0]],"o":[[0,0],[0,0]],"v":[[-72.525,90.546],[-9.5,90.546]],"c":false}]},{"i":{"x":0.833,"y":0.833},"o":{"x":0.316,"y":0},"t":18,"s":[{"i":[[0,0],[0,0]],"o":[[0,0],[0,0]],"v":[[-100.81,45.249],[-38.473,52.753]],"c":false}]},{"i":{"x":0.667,"y":1},"o":{"x":0.167,"y":0.167},"t":29,"s":[{"i":[[0,0],[0,0]],"o":[[0,0],[0,0]],"v":[[-43.177,146.773],[19.316,138.604]],"c":false}]},{"i":{"x":0.667,"y":1},"o":{"x":0.333,"y":0},"t":44,"s":[{"i":[[0,0],[0,0]],"o":[[0,0],[0,0]],"v":[[-72.525,90.546],[-9.5,90.546]],"c":false}]},{"t":82,"s":[{"i":[[0,0],[0,0]],"o":[[0,0],[0,0]],"v":[[-72.525,90.546],[-9.5,90.546]],"c":false}]}],"ix":2},"nm":"Path 1","mn":"ADBE Vector Shape - Group","hd":false},{"ind":1,"ty":"sh","ix":2,"ks":{"a":1,"k":[{"i":{"x":0.23,"y":1},"o":{"x":0.167,"y":0.167},"t":0,"s":[{"i":[[0,0],[0,0]],"o":[[0,0],[0,0]],"v":[[-72.525,44],[-9.5,44]],"c":false}]},{"i":{"x":0.833,"y":0.833},"o":{"x":0.316,"y":0},"t":18,"s":[{"i":[[0,0],[0,0]],"o":[[0,0],[0,0]],"v":[[-93.948,8.067],[-31.612,13.955]],"c":false}]},{"i":{"x":0.667,"y":1},"o":{"x":0.167,"y":0.167},"t":29,"s":[{"i":[[0,0],[0,0]],"o":[[0,0],[0,0]],"v":[[-49.98,94.727],[12.513,86.558]],"c":false}]},{"i":{"x":0.667,"y":1},"o":{"x":0.333,"y":0},"t":44,"s":[{"i":[[0,0],[0,0]],"o":[[0,0],[0,0]],"v":[[-81.494,44.894],[-18.47,44.894]],"c":false}]},{"t":82,"s":[{"i":[[0,0],[0,0]],"o":[[0,0],[0,0]],"v":[[-72.525,44],[-9.5,44]],"c":false}]}],"ix":2},"nm":"Path 2","mn":"ADBE Vector Shape - Group","hd":false},{"ind":2,"ty":"sh","ix":3,"ks":{"a":1,"k":[{"i":{"x":0.23,"y":1},"o":{"x":0.167,"y":0.167},"t":0,"s":[{"i":[[0,0],[0,0]],"o":[[0,0],[0,0]],"v":[[-72.525,-114.062],[-9.5,-114.062]],"c":false}]},{"i":{"x":0.833,"y":0.833},"o":{"x":0.316,"y":0},"t":18,"s":[{"i":[[0,0],[0,0]],"o":[[0,0],[0,0]],"v":[[-70.649,-114.16],[-8.312,-110.695]],"c":false}]},{"i":{"x":0.667,"y":1},"o":{"x":0.167,"y":0.167},"t":29,"s":[{"i":[[0,0],[0,0]],"o":[[0,0],[0,0]],"v":[[-73.082,-82.016],[-10.589,-90.184]],"c":false}]},{"i":{"x":0.667,"y":1},"o":{"x":0.333,"y":0},"t":44,"s":[{"i":[[0,0],[0,0]],"o":[[0,0],[0,0]],"v":[[-82.91,-105.279],[-19.886,-105.279]],"c":false}]},{"t":82,"s":[{"i":[[0,0],[0,0]],"o":[[0,0],[0,0]],"v":[[-72.525,-114.062],[-9.5,-114.062]],"c":false}]}],"ix":2},"nm":"Path 3","mn":"ADBE Vector Shape - Group","hd":false},{"ind":3,"ty":"sh","ix":4,"ks":{"a":1,"k":[{"i":{"x":0.23,"y":1},"o":{"x":0.167,"y":0.167},"t":0,"s":[{"i":[[0,0],[0,0]],"o":[[0,0],[0,0]],"v":[[-72.525,-2.545],[-9.5,-2.545]],"c":false}]},{"i":{"x":0.833,"y":0.833},"o":{"x":0.316,"y":0},"t":18,"s":[{"i":[[0,0],[0,0]],"o":[[0,0],[0,0]],"v":[[-87.087,-29.115],[-24.751,-24.034]],"c":false}]},{"i":{"x":0.667,"y":1},"o":{"x":0.167,"y":0.167},"t":29,"s":[{"i":[[0,0],[0,0]],"o":[[0,0],[0,0]],"v":[[-56.783,42.681],[5.71,34.512]],"c":false}]},{"i":{"x":0.667,"y":1},"o":{"x":0.333,"y":0},"t":44,"s":[{"i":[[0,0],[0,0]],"o":[[0,0],[0,0]],"v":[[-84.527,-1.879],[-21.503,-1.879]],"c":false}]},{"t":82,"s":[{"i":[[0,0],[0,0]],"o":[[0,0],[0,0]],"v":[[-72.525,-2.545],[-9.5,-2.545]],"c":false}]}],"ix":2},"nm":"Path 4","mn":"ADBE Vector Shape - Group","hd":false},{"ind":4,"ty":"sh","ix":5,"ks":{"a":1,"k":[{"i":{"x":0.23,"y":1},"o":{"x":0.167,"y":0.167},"t":0,"s":[{"i":[[0,0],[0,0],[0,0],[0,0],[0,0],[0,0],[0,0],[0,0],[0,105.565]],"o":[[0,105.565],[0,0],[0,0],[0,0],[0,0],[0,0],[0,0],[0,0],[0,0]],"v":[[108.22,-158.262],[108.22,158.434],[72.15,138.158],[36.078,158.434],[0.005,138.158],[-36.067,158.434],[-72.144,138.158],[-108.22,158.434],[-108.22,-158.262]],"c":false}]},{"i":{"x":0.833,"y":0.833},"o":{"x":0.316,"y":0},"t":18,"s":[{"i":[[0,0],[0,0],[0,0],[0,0],[0,0],[0,0],[0,0],[0,0],[0,95.018]],"o":[[0.78,149.65],[0,0],[0,0],[0,0],[0,0],[0,0],[0,0],[0,0],[0,0]],"v":[[108.22,-158.262],[67.954,121],[35.266,100.508],[-3.4,112.411],[-36.09,91.919],[-74.757,103.822],[-107.451,83.329],[-146.122,95.231],[-108.22,-158.262]],"c":false}]},{"i":{"x":0.833,"y":0.833},"o":{"x":0.167,"y":0.167},"t":28,"s":[{"i":[[0,0],[0,0],[0,0],[0,0],[0,0],[0,0],[0,0],[0,0],[0,105.565]],"o":[[0.084,112.085],[0,0],[0,0],[0,0],[0,0],[0,0],[0,0],[0,0],[0,0]],"v":[[108.22,-158.262],[137.587,194.182],[99.506,175.673],[66.073,201.504],[27.99,182.994],[-5.444,208.825],[-43.531,190.316],[-76.97,216.147],[-108.22,-158.262]],"c":false}]},{"i":{"x":0.667,"y":1},"o":{"x":0.167,"y":0.167},"t":29,"s":[{"i":[[0,0],[0,0],[0,0],[0,0],[0,0],[0,0],[0,0],[0,0],[0,105.565]],"o":[[0,105.565],[0,0],[0,0],[0,0],[0,0],[0,0],[0,0],[0,0],[0,0]],"v":[[108.72,-125.262],[145.967,199.259],[107.237,181.261],[74.433,208.609],[35.701,190.612],[2.897,217.96],[-35.839,199.963],[-68.648,227.312],[-106.22,-108.262]],"c":false}]},{"i":{"x":0.667,"y":1},"o":{"x":0.333,"y":0},"t":44,"s":[{"i":[[0,0],[0,0],[0,0],[0,0],[0,0],[0,0],[0,0],[0,0],[-43.613,191.367]],"o":[[-56.855,84.606],[0,0],[0,0],[0,0],[0,0],[0,0],[0,0],[0,0],[0,0]],"v":[[108.22,-158.262],[108.22,158.434],[76.774,138.158],[45.327,158.434],[13.878,138.158],[-17.569,158.434],[-49.021,138.158],[-80.473,158.434],[-108.22,-158.262]],"c":false}]},{"t":82,"s":[{"i":[[0,0],[0,0],[0,0],[0,0],[0,0],[0,0],[0,0],[0,0],[68.503,124.222]],"o":[[72.418,136.35],[0,0],[0,0],[0,0],[0,0],[0,0],[0,0],[0,0],[0,0]],"v":[[108.22,-158.262],[108.22,158.434],[72.15,138.158],[36.078,158.434],[0.005,138.158],[-36.067,158.434],[-72.144,138.158],[-108.22,158.434],[-108.22,-158.262]],"c":false}]}],"ix":2},"nm":"Path 5","mn":"ADBE Vector Shape - Group","hd":false},{"ind":5,"ty":"sh","ix":6,"ks":{"a":1,"k":[{"i":{"x":0.23,"y":1},"o":{"x":0.167,"y":0.167},"t":0,"s":[{"i":[[0,0],[0,0]],"o":[[0,0],[0,0]],"v":[[-72.525,-49.09],[72.525,-49.09]],"c":false}]},{"i":{"x":0.833,"y":0.833},"o":{"x":0.316,"y":0},"t":18,"s":[{"i":[[0,0],[0,0]],"o":[[0,0],[0,0]],"v":[[-80.226,-65.489],[63.24,-50.643]],"c":false}]},{"i":{"x":0.667,"y":1},"o":{"x":0.167,"y":0.167},"t":29,"s":[{"i":[[0,0],[0,0]],"o":[[0,0],[0,0]],"v":[[-63.586,-9.366],[80.24,-28.166]],"c":false}]},{"i":{"x":0.667,"y":1},"o":{"x":0.333,"y":0},"t":44,"s":[{"i":[[0,0],[0,0]],"o":[[0,0],[0,0]],"v":[[-85.38,-49.148],[59.67,-49.148]],"c":false}]},{"t":82,"s":[{"i":[[0,0],[0,0]],"o":[[0,0],[0,0]],"v":[[-72.525,-49.09],[72.525,-49.09]],"c":false}]}],"ix":2},"nm":"Path 6","mn":"ADBE Vector Shape - Group","hd":false},{"ty":"st","c":{"a":0,"k":[0.12549019607843137,0.12549019607843137,0.12549019607843137,1],"ix":3},"o":{"a":0,"k":100,"ix":4},"w":{"a":0,"k":12,"ix":5},"lc":2,"lj":2,"bm":0,"nm":"Stroke 1","mn":"ADBE Vector Graphic - Stroke","hd":false},{"ty":"tr","p":{"a":0,"k":[0,0],"ix":2},"a":{"a":0,"k":[0,0],"ix":1},"s":{"a":0,"k":[100,100],"ix":3},"r":{"a":0,"k":0,"ix":6},"o":{"a":0,"k":100,"ix":7},"sk":{"a":0,"k":0,"ix":4},"sa":{"a":0,"k":0,"ix":5},"nm":"Transform"}],"nm":"Group 2","np":7,"cix":2,"bm":0,"ix":3,"mn":"ADBE Vector Group","hd":false}],"ip":0,"op":844,"st":0,"bm":0}],"markers":[]}