{"v":"5.7.5","fr":24,"ip":0,"op":49,"w":500,"h":500,"nm":"426-brain-outline","ddd":0,"assets":[],"layers":[{"ddd":0,"ind":1,"ty":4,"nm":"Chat 2","parent":2,"sr":1,"ks":{"o":{"a":0,"k":100,"ix":11},"r":{"a":0,"k":0,"ix":10},"p":{"a":0,"k":[-46.265,34.022,0],"ix":2,"l":2},"a":{"a":0,"k":[-46.265,34.022,0],"ix":1,"l":2},"s":{"a":0,"k":[100,100,100],"ix":6,"l":2}},"ao":0,"shapes":[{"ty":"gr","it":[{"ind":0,"ty":"sh","ix":1,"ks":{"a":0,"k":{"i":[[11.159,0],[3.472,-2.813],[0,-6.343]],"o":[[-4.816,0],[-4.572,3.704],[0,11.159]],"v":[[20.091,-120.063],[7.38,-115.565],[-0.115,-99.857]],"c":false},"ix":2},"nm":"Path 2","mn":"ADBE Vector Shape - Group","hd":false},{"ind":1,"ty":"sh","ix":2,"ks":{"a":0,"k":{"i":[[-7.249,-16.685],[-16.685,7.249]],"o":[[7.249,16.685],[16.685,-7.249]],"v":[[33.634,-4.483],[76.97,12.603]],"c":false},"ix":2},"nm":"Path 4","mn":"ADBE Vector Shape - Group","hd":false},{"ind":2,"ty":"sh","ix":3,"ks":{"a":0,"k":{"i":[[-11.159,0],[-3.472,-2.813],[0,-6.343]],"o":[[4.816,0],[4.572,3.704],[0,11.159]],"v":[[-20.315,-120.063],[-7.605,-115.565],[-0.109,-99.857]],"c":false},"ix":2},"nm":"Path 9","mn":"ADBE Vector Shape - Group","hd":false},{"ind":3,"ty":"sh","ix":4,"ks":{"a":0,"k":{"i":[[23.237,0],[7.691,8.379]],"o":[[-12.27,0],[-6.874,-7.489]],"v":[[-109.157,46.095],[-140.163,32.463]],"c":false},"ix":2},"nm":"Path 10","mn":"ADBE Vector Shape - Group","hd":false},{"ind":4,"ty":"sh","ix":5,"ks":{"a":0,"k":{"i":[[-15.863,6.026],[-5.261,0],[0,-23.237]],"o":[[4.642,-1.764],[23.237,0],[0,23.237]],"v":[[-111.952,-95.947],[-97.013,-98.676],[-54.938,-56.601]],"c":false},"ix":2},"nm":"Path 13","mn":"ADBE Vector Shape - Group","hd":false},{"ind":5,"ty":"sh","ix":6,"ks":{"a":0,"k":{"i":[[-3.453,0],[0,-26.415],[26.415,0],[7.628,16.284],[1.318,0],[0,24.237],[-1.219,4.029],[0,12.525],[-8.547,6.091],[0,10.939],[-12.048,7.401],[0,9.253],[-15.862,6.026],[0,1.324],[-20.898,0],[-0.073,0],[-19.534,0],[0,-20.898],[0,0]],"o":[[26.415,0],[0,26.415],[-19.171,0],[-1.288,0.114],[-24.237,0],[0,-4.426],[-10.161,-5.778],[0,-11.295],[-6.843,-7.483],[0,-15.177],[-5.062,-6.946],[0,-17.976],[-0.133,-1.288],[0,-20.898],[0.073,0],[2.016,-18.999],[20.898,0],[0,0],[0,0]],"v":[[-47.967,77.336],[-0.139,125.164],[-47.967,172.992],[-91.294,145.424],[-95.202,145.607],[-139.087,101.722],[-137.206,88.996],[-154.225,59.777],[-140.098,32.404],[-151.117,4.021],[-131.031,-31.853],[-139.087,-56.601],[-111.948,-95.938],[-112.15,-99.857],[-74.311,-137.696],[-74.094,-137.69],[-37.399,-171.492],[-0.109,-133.653],[-0.109,127.132]],"c":false},"ix":2},"nm":"Path 14","mn":"ADBE Vector Shape - Group","hd":false},{"ind":6,"ty":"sh","ix":7,"ks":{"a":0,"k":{"i":[[-5.157,-7.633],[-16.509,0],[-5.979,19.596]],"o":[[8.595,12.722],[21.552,0],[1.349,-4.421]],"v":[[0.327,-25.325],[39.987,-4.238],[85.741,-38.09]],"c":false},"ix":2},"nm":"Path 1","mn":"ADBE Vector Shape - Group","hd":false},{"ty":"st","c":{"a":0,"k":[0.2,0.2,0.2,1],"ix":3},"o":{"a":0,"k":100,"ix":4},"w":{"a":0,"k":12,"ix":5},"lc":2,"lj":2,"bm":0,"nm":"Stroke 1","mn":"ADBE Vector Graphic - Stroke","hd":false},{"ty":"tr","p":{"a":0,"k":[0,0],"ix":2},"a":{"a":0,"k":[0,0],"ix":1},"s":{"a":0,"k":[100,100],"ix":3},"r":{"a":0,"k":0,"ix":6},"o":{"a":0,"k":100,"ix":7},"sk":{"a":0,"k":0,"ix":4},"sa":{"a":0,"k":0,"ix":5},"nm":"Transform"}],"nm":"Group 1","np":8,"cix":2,"bm":0,"ix":1,"mn":"ADBE Vector Group","hd":false},{"ty":"gr","it":[{"ind":0,"ty":"sh","ix":1,"ks":{"a":0,"k":{"i":[[-23.237,0],[-7.691,8.379]],"o":[[12.271,0],[6.874,-7.489]],"v":[[108.933,46.095],[139.938,32.463]],"c":false},"ix":2},"nm":"Path 3","mn":"ADBE Vector Shape - Group","hd":false},{"ind":1,"ty":"sh","ix":2,"ks":{"a":0,"k":{"i":[[3.453,0],[0,-26.415],[-26.415,0],[-7.628,16.284],[-1.318,0],[0,24.237],[1.219,4.029],[0,12.525],[8.547,6.091],[0,10.939],[12.048,7.401],[0,9.253],[15.862,6.026],[0,1.324],[20.898,0],[0.073,0],[19.534,0],[0,-20.898]],"o":[[-26.415,0],[0,26.415],[19.171,0],[1.288,0.114],[24.237,0],[0,-4.426],[10.161,-5.778],[0,-11.295],[6.843,-7.483],[0,-15.177],[5.062,-6.946],[0,-17.976],[0.133,-1.288],[0,-20.898],[-0.073,0],[-2.016,-18.999],[-20.898,0],[0,0]],"v":[[47.743,77.336],[-0.086,125.164],[47.743,172.992],[91.069,145.424],[94.977,145.607],[138.862,101.722],[136.982,88.996],[154,59.777],[139.873,32.404],[150.892,4.021],[130.806,-31.853],[138.862,-56.601],[111.724,-95.938],[111.925,-99.857],[74.087,-137.696],[73.87,-137.69],[37.175,-171.492],[-0.115,-133.653]],"c":false},"ix":2},"nm":"Path 7","mn":"ADBE Vector Shape - Group","hd":false},{"ind":2,"ty":"sh","ix":3,"ks":{"a":0,"k":{"i":[[0,23.237],[23.237,0]],"o":[[0,-23.237],[-23.237,0]],"v":[[92.632,93.37],[50.558,51.295]],"c":false},"ix":2},"nm":"Path 5","mn":"ADBE Vector Shape - Group","hd":false},{"ind":3,"ty":"sh","ix":4,"ks":{"a":0,"k":{"i":[[15.863,6.026],[5.261,0],[0,-23.237]],"o":[[-4.642,-1.764],[-23.237,0],[0,23.237]],"v":[[111.727,-95.947],[96.788,-98.676],[54.714,-56.601]],"c":false},"ix":2},"nm":"Path 6","mn":"ADBE Vector Shape - Group","hd":false},{"ind":4,"ty":"sh","ix":5,"ks":{"a":0,"k":{"i":[[5.157,-7.633],[16.509,0],[5.979,19.596]],"o":[[-8.595,12.722],[-21.552,0],[-1.349,-4.421]],"v":[[-0.552,-25.325],[-40.212,-4.238],[-85.965,-38.09]],"c":false},"ix":2},"nm":"Path 8","mn":"ADBE Vector Shape - Group","hd":false},{"ind":5,"ty":"sh","ix":6,"ks":{"a":0,"k":{"i":[[7.249,-16.685],[16.685,7.249]],"o":[[-7.249,16.685],[-16.685,-7.249]],"v":[[-33.858,-4.483],[-77.195,12.603]],"c":false},"ix":2},"nm":"Path 11","mn":"ADBE Vector Shape - Group","hd":false},{"ind":6,"ty":"sh","ix":7,"ks":{"a":0,"k":{"i":[[0,23.237],[-23.237,0]],"o":[[0,-23.237],[23.237,0]],"v":[[-92.857,93.37],[-50.782,51.295]],"c":false},"ix":2},"nm":"Path 12","mn":"ADBE Vector Shape - Group","hd":false},{"ty":"st","c":{"a":0,"k":[0,0,0,1],"ix":3},"o":{"a":0,"k":0,"ix":4},"w":{"a":0,"k":12,"ix":5},"lc":2,"lj":2,"bm":0,"d":[{"n":"d","nm":"dash","v":{"a":0,"k":166,"ix":1}},{"n":"o","nm":"offset","v":{"a":0,"k":0,"ix":7}}],"nm":"Stroke 1","mn":"ADBE Vector Graphic - Stroke","hd":false},{"ty":"st","c":{"a":0,"k":[0.00392156862745098,0.43529411764705883,0.7254901960784313,1],"ix":3},"o":{"a":0,"k":100,"ix":4},"w":{"a":0,"k":12,"ix":5},"lc":2,"lj":2,"bm":0,"nm":"Stroke 3","mn":"ADBE Vector Graphic - Stroke","hd":false},{"ty":"st","c":{"a":0,"k":[0,0,0,1],"ix":3},"o":{"a":0,"k":100,"ix":4},"w":{"a":0,"k":12,"ix":5},"lc":2,"lj":2,"bm":0,"d":[{"n":"d","nm":"dash","v":{"a":0,"k":166,"ix":1}},{"n":"o","nm":"offset","v":{"a":0,"k":0,"ix":7}}],"nm":"Stroke 2","mn":"ADBE Vector Graphic - Stroke","hd":false},{"ty":"tr","p":{"a":0,"k":[0,0],"ix":2},"a":{"a":0,"k":[0,0],"ix":1},"s":{"a":0,"k":[100,100],"ix":3},"r":{"a":0,"k":0,"ix":6},"o":{"a":0,"k":100,"ix":7},"sk":{"a":0,"k":0,"ix":4},"sa":{"a":0,"k":0,"ix":5},"nm":"Transform"}],"nm":"Group 2","np":10,"cix":2,"bm":0,"ix":2,"mn":"ADBE Vector Group","hd":false},{"ty":"tm","s":{"a":0,"k":100,"ix":1},"e":{"a":1,"k":[{"i":{"x":[0.15],"y":[1]},"o":{"x":[0.167],"y":[0.167]},"t":11,"s":[100]},{"t":47,"s":[0]}],"ix":2},"o":{"a":0,"k":0,"ix":3},"m":1,"ix":3,"nm":"Trim Paths 1","mn":"ADBE Vector Filter - Trim","hd":false}],"ip":0,"op":100,"st":0,"bm":0},{"ddd":0,"ind":2,"ty":4,"nm":"Chat","sr":1,"ks":{"o":{"a":0,"k":100,"ix":11},"r":{"a":0,"k":0,"ix":10},"p":{"a":1,"k":[{"i":{"x":0.667,"y":1},"o":{"x":0.333,"y":0},"t":0,"s":[249.888,250.75,0],"to":[0,0,0],"ti":[0,0,0]},{"i":{"x":0.667,"y":1},"o":{"x":0.333,"y":0},"t":6,"s":[249.888,285.75,0],"to":[0,0,0],"ti":[0,0,0]},{"i":{"x":0.667,"y":1},"o":{"x":0.333,"y":0},"t":14,"s":[249.888,232.75,0],"to":[0,0,0],"ti":[0,0,0]},{"i":{"x":0.667,"y":1},"o":{"x":0.333,"y":0},"t":23,"s":[249.888,263.75,0],"to":[0,0,0],"ti":[0,0,0]},{"t":34,"s":[249.888,250.75,0]}],"ix":2,"l":2},"a":{"a":0,"k":[-0.112,0.75,0],"ix":1,"l":2},"s":{"a":1,"k":[{"i":{"x":[0.667,0.667,0.667],"y":[1,1,1]},"o":{"x":[0.333,0.333,0.333],"y":[0,0,0]},"t":0,"s":[100,100,100]},{"i":{"x":[0.667,0.667,0.667],"y":[1,1,1]},"o":{"x":[0.333,0.333,0.333],"y":[0,0,0]},"t":6,"s":[104,95,100]},{"i":{"x":[0.667,0.667,0.667],"y":[1,1,1]},"o":{"x":[0.333,0.333,0.333],"y":[0,0,0]},"t":14,"s":[95,100,100]},{"i":{"x":[0.667,0.667,0.667],"y":[1,1,1]},"o":{"x":[0.333,0.333,0.333],"y":[0,0,0]},"t":23,"s":[102,98,100]},{"t":34,"s":[100,100,100]}],"ix":6,"l":2}},"ao":0,"shapes":[{"ty":"gr","it":[{"ind":0,"ty":"sh","ix":1,"ks":{"a":0,"k":{"i":[[11.159,0],[3.472,-2.813],[0,-6.343]],"o":[[-4.816,0],[-4.572,3.704],[0,11.159]],"v":[[20.091,-120.063],[7.38,-115.565],[-0.115,-99.857]],"c":false},"ix":2},"nm":"Path 2","mn":"ADBE Vector Shape - Group","hd":false},{"ind":1,"ty":"sh","ix":2,"ks":{"a":0,"k":{"i":[[-7.249,-16.685],[-16.685,7.249]],"o":[[7.249,16.685],[16.685,-7.249]],"v":[[33.634,-4.483],[76.97,12.603]],"c":false},"ix":2},"nm":"Path 4","mn":"ADBE Vector Shape - Group","hd":false},{"ind":2,"ty":"sh","ix":3,"ks":{"a":0,"k":{"i":[[-11.159,0],[-3.472,-2.813],[0,-6.343]],"o":[[4.816,0],[4.572,3.704],[0,11.159]],"v":[[-20.315,-120.063],[-7.605,-115.565],[-0.109,-99.857]],"c":false},"ix":2},"nm":"Path 9","mn":"ADBE Vector Shape - Group","hd":false},{"ind":3,"ty":"sh","ix":4,"ks":{"a":0,"k":{"i":[[23.237,0],[7.691,8.379]],"o":[[-12.27,0],[-6.874,-7.489]],"v":[[-109.157,46.095],[-140.163,32.463]],"c":false},"ix":2},"nm":"Path 10","mn":"ADBE Vector Shape - Group","hd":false},{"ind":4,"ty":"sh","ix":5,"ks":{"a":0,"k":{"i":[[-15.863,6.026],[-5.261,0],[0,-23.237]],"o":[[4.642,-1.764],[23.237,0],[0,23.237]],"v":[[-111.952,-95.947],[-97.013,-98.676],[-54.938,-56.601]],"c":false},"ix":2},"nm":"Path 13","mn":"ADBE Vector Shape - Group","hd":false},{"ind":5,"ty":"sh","ix":6,"ks":{"a":0,"k":{"i":[[-3.453,0],[0,-26.415],[26.415,0],[7.628,16.284],[1.318,0],[0,24.237],[-1.219,4.029],[0,12.525],[-8.547,6.091],[0,10.939],[-12.048,7.401],[0,9.253],[-15.862,6.026],[0,1.324],[-20.898,0],[-0.073,0],[-19.534,0],[0,-20.898],[0,0]],"o":[[26.415,0],[0,26.415],[-19.171,0],[-1.288,0.114],[-24.237,0],[0,-4.426],[-10.161,-5.778],[0,-11.295],[-6.843,-7.483],[0,-15.177],[-5.062,-6.946],[0,-17.976],[-0.133,-1.288],[0,-20.898],[0.073,0],[2.016,-18.999],[20.898,0],[0,0],[0,0]],"v":[[-47.967,77.336],[-0.139,125.164],[-47.967,172.992],[-91.294,145.424],[-95.202,145.607],[-139.087,101.722],[-137.206,88.996],[-154.225,59.777],[-140.098,32.404],[-151.117,4.021],[-131.031,-31.853],[-139.087,-56.601],[-111.948,-95.938],[-112.15,-99.857],[-74.311,-137.696],[-74.094,-137.69],[-37.399,-171.492],[-0.109,-133.653],[-0.109,127.132]],"c":false},"ix":2},"nm":"Path 14","mn":"ADBE Vector Shape - Group","hd":false},{"ind":6,"ty":"sh","ix":7,"ks":{"a":0,"k":{"i":[[-5.157,-7.633],[-16.509,0],[-5.979,19.596]],"o":[[8.595,12.722],[21.552,0],[1.349,-4.421]],"v":[[0.327,-25.325],[39.987,-4.238],[85.741,-38.09]],"c":false},"ix":2},"nm":"Path 1","mn":"ADBE Vector Shape - Group","hd":false},{"ty":"st","c":{"a":0,"k":[0.2,0.2,0.2,1],"ix":3},"o":{"a":0,"k":100,"ix":4},"w":{"a":0,"k":12,"ix":5},"lc":2,"lj":2,"bm":0,"nm":"Stroke 1","mn":"ADBE Vector Graphic - Stroke","hd":false},{"ty":"tr","p":{"a":0,"k":[0,0],"ix":2},"a":{"a":0,"k":[0,0],"ix":1},"s":{"a":0,"k":[100,100],"ix":3},"r":{"a":0,"k":0,"ix":6},"o":{"a":0,"k":100,"ix":7},"sk":{"a":0,"k":0,"ix":4},"sa":{"a":0,"k":0,"ix":5},"nm":"Transform"}],"nm":"Group 1","np":8,"cix":2,"bm":0,"ix":1,"mn":"ADBE Vector Group","hd":false},{"ty":"gr","it":[{"ind":0,"ty":"sh","ix":1,"ks":{"a":0,"k":{"i":[[-23.237,0],[-7.691,8.379]],"o":[[12.271,0],[6.874,-7.489]],"v":[[108.933,46.095],[139.938,32.463]],"c":false},"ix":2},"nm":"Path 3","mn":"ADBE Vector Shape - Group","hd":false},{"ind":1,"ty":"sh","ix":2,"ks":{"a":0,"k":{"i":[[3.453,0],[0,-26.415],[-26.415,0],[-7.628,16.284],[-1.318,0],[0,24.237],[1.219,4.029],[0,12.525],[8.547,6.091],[0,10.939],[12.048,7.401],[0,9.253],[15.862,6.026],[0,1.324],[20.898,0],[0.073,0],[19.534,0],[0,-20.898]],"o":[[-26.415,0],[0,26.415],[19.171,0],[1.288,0.114],[24.237,0],[0,-4.426],[10.161,-5.778],[0,-11.295],[6.843,-7.483],[0,-15.177],[5.062,-6.946],[0,-17.976],[0.133,-1.288],[0,-20.898],[-0.073,0],[-2.016,-18.999],[-20.898,0],[0,0]],"v":[[47.743,77.336],[-0.086,125.164],[47.743,172.992],[91.069,145.424],[94.977,145.607],[138.862,101.722],[136.982,88.996],[154,59.777],[139.873,32.404],[150.892,4.021],[130.806,-31.853],[138.862,-56.601],[111.724,-95.938],[111.925,-99.857],[74.087,-137.696],[73.87,-137.69],[37.175,-171.492],[-0.115,-133.653]],"c":false},"ix":2},"nm":"Path 7","mn":"ADBE Vector Shape - Group","hd":false},{"ind":2,"ty":"sh","ix":3,"ks":{"a":0,"k":{"i":[[0,23.237],[23.237,0]],"o":[[0,-23.237],[-23.237,0]],"v":[[92.632,93.37],[50.558,51.295]],"c":false},"ix":2},"nm":"Path 5","mn":"ADBE Vector Shape - Group","hd":false},{"ind":3,"ty":"sh","ix":4,"ks":{"a":0,"k":{"i":[[15.863,6.026],[5.261,0],[0,-23.237]],"o":[[-4.642,-1.764],[-23.237,0],[0,23.237]],"v":[[111.727,-95.947],[96.788,-98.676],[54.714,-56.601]],"c":false},"ix":2},"nm":"Path 6","mn":"ADBE Vector Shape - Group","hd":false},{"ind":4,"ty":"sh","ix":5,"ks":{"a":0,"k":{"i":[[5.157,-7.633],[16.509,0],[5.979,19.596]],"o":[[-8.595,12.722],[-21.552,0],[-1.349,-4.421]],"v":[[-0.552,-25.325],[-40.212,-4.238],[-85.965,-38.09]],"c":false},"ix":2},"nm":"Path 8","mn":"ADBE Vector Shape - Group","hd":false},{"ind":5,"ty":"sh","ix":6,"ks":{"a":0,"k":{"i":[[7.249,-16.685],[16.685,7.249]],"o":[[-7.249,16.685],[-16.685,-7.249]],"v":[[-33.858,-4.483],[-77.195,12.603]],"c":false},"ix":2},"nm":"Path 11","mn":"ADBE Vector Shape - Group","hd":false},{"ind":6,"ty":"sh","ix":7,"ks":{"a":0,"k":{"i":[[0,23.237],[-23.237,0]],"o":[[0,-23.237],[23.237,0]],"v":[[-92.857,93.37],[-50.782,51.295]],"c":false},"ix":2},"nm":"Path 12","mn":"ADBE Vector Shape - Group","hd":false},{"ty":"st","c":{"a":0,"k":[0,0,0,1],"ix":3},"o":{"a":0,"k":0,"ix":4},"w":{"a":0,"k":12,"ix":5},"lc":2,"lj":2,"bm":0,"d":[{"n":"d","nm":"dash","v":{"a":0,"k":166,"ix":1}},{"n":"o","nm":"offset","v":{"a":0,"k":0,"ix":7}}],"nm":"Stroke 1","mn":"ADBE Vector Graphic - Stroke","hd":false},{"ty":"st","c":{"a":0,"k":[0.00392156862745098,0.43529411764705883,0.7254901960784313,1],"ix":3},"o":{"a":0,"k":100,"ix":4},"w":{"a":0,"k":12,"ix":5},"lc":2,"lj":2,"bm":0,"nm":"Stroke 3","mn":"ADBE Vector Graphic - Stroke","hd":false},{"ty":"st","c":{"a":0,"k":[0,0,0,1],"ix":3},"o":{"a":0,"k":100,"ix":4},"w":{"a":0,"k":12,"ix":5},"lc":2,"lj":2,"bm":0,"d":[{"n":"d","nm":"dash","v":{"a":0,"k":166,"ix":1}},{"n":"o","nm":"offset","v":{"a":0,"k":0,"ix":7}}],"nm":"Stroke 2","mn":"ADBE Vector Graphic - Stroke","hd":false},{"ty":"tr","p":{"a":0,"k":[0,0],"ix":2},"a":{"a":0,"k":[0,0],"ix":1},"s":{"a":0,"k":[100,100],"ix":3},"r":{"a":0,"k":0,"ix":6},"o":{"a":0,"k":100,"ix":7},"sk":{"a":0,"k":0,"ix":4},"sa":{"a":0,"k":0,"ix":5},"nm":"Transform"}],"nm":"Group 2","np":10,"cix":2,"bm":0,"ix":2,"mn":"ADBE Vector Group","hd":false},{"ty":"tm","s":{"a":0,"k":0,"ix":1},"e":{"a":1,"k":[{"i":{"x":[0.833],"y":[0.833]},"o":{"x":[0.333],"y":[0]},"t":0,"s":[100]},{"t":15,"s":[0]}],"ix":2},"o":{"a":0,"k":0,"ix":3},"m":1,"ix":3,"nm":"Trim Paths 1","mn":"ADBE Vector Filter - Trim","hd":false}],"ip":0,"op":100,"st":0,"bm":0}],"markers":[{"tm":78,"cm":"1","dr":0}]}