{"v":"5.7.5","fr":25,"ip":0,"op":42,"w":500,"h":500,"nm":"298-coins-outline","ddd":0,"assets":[{"id":"comp_0","layers":[{"ddd":0,"ind":1,"ty":4,"nm":"Rectangle","sr":1,"ks":{"o":{"a":0,"k":100,"ix":11},"r":{"a":1,"k":[{"i":{"x":[0.667],"y":[1]},"o":{"x":[0.167],"y":[0.167]},"t":0,"s":[0]},{"i":{"x":[0.833],"y":[0.833]},"o":{"x":[0.333],"y":[0]},"t":8,"s":[-17.333]},{"i":{"x":[0.32],"y":[1]},"o":{"x":[0.167],"y":[0.167]},"t":12,"s":[1]},{"i":{"x":[0.833],"y":[0.833]},"o":{"x":[0.68],"y":[0]},"t":16.838,"s":[10]},{"i":{"x":[0.667],"y":[1]},"o":{"x":[0.167],"y":[0.167]},"t":21.677,"s":[1]},{"i":{"x":[0.833],"y":[0.833]},"o":{"x":[0.333],"y":[0]},"t":25.306,"s":[6]},{"t":30.14453125,"s":[1]}],"ix":10},"p":{"a":1,"k":[{"i":{"x":0.32,"y":1},"o":{"x":0.167,"y":0.167},"t":0,"s":[228.058,194.4,0],"to":[0,-22.129,0],"ti":[0,0,0]},{"i":{"x":0.833,"y":0.833},"o":{"x":0.68,"y":0},"t":8,"s":[228.058,61.628,0],"to":[0,0,0],"ti":[0,-6.056,0]},{"i":{"x":0.32,"y":1},"o":{"x":0.167,"y":0.167},"t":12,"s":[228.058,194.4,0],"to":[-0.277,-6.222,0],"ti":[0,0,0]},{"i":{"x":0.833,"y":0.833},"o":{"x":0.68,"y":0},"t":16.838,"s":[228.058,157.474,0],"to":[0,0,0],"ti":[0,-6.056,0]},{"i":{"x":0.667,"y":1},"o":{"x":0.167,"y":0.167},"t":21.677,"s":[228.058,194.4,0],"to":[-0.277,-6.222,0],"ti":[0,1.231,0]},{"i":{"x":0.833,"y":0.833},"o":{"x":0.333,"y":0},"t":25.306,"s":[228.058,172.245,0],"to":[0,-1.231,0],"ti":[0,-6.056,0]},{"t":30.14453125,"s":[228.058,194.4,0]}],"ix":2,"l":2},"a":{"a":0,"k":[-4,-6.5,0],"ix":1,"l":2},"s":{"a":0,"k":[1075.292,1075.292,100],"ix":6,"l":2}},"ao":0,"shapes":[{"ty":"gr","it":[{"ind":0,"ty":"sh","ix":1,"ks":{"a":0,"k":{"i":[[-1.381,0],[0,0],[0,-1.381],[0,0],[1.381,0],[0,0],[0,1.381],[0,0]],"o":[[0,0],[1.381,0],[0,0],[0,1.381],[0,0],[-1.381,0],[0,0],[0,-1.381]],"v":[[-12,-9],[4,-9],[6.5,-6.5],[6.5,-6.5],[4,-4],[-12,-4],[-14.5,-6.5],[-14.5,-6.5]],"c":true},"ix":2},"nm":"Path 1","mn":"ADBE Vector Shape - Group","hd":false},{"ty":"st","c":{"a":0,"k":[0.2,0.2,0.2,1],"ix":3},"o":{"a":0,"k":100,"ix":4},"w":{"a":0,"k":1.5,"ix":5},"lc":1,"lj":1,"ml":4,"bm":0,"nm":"Stroke 1","mn":"ADBE Vector Graphic - Stroke","hd":false},{"ty":"tr","p":{"a":0,"k":[0,0],"ix":2},"a":{"a":0,"k":[0,0],"ix":1},"s":{"a":0,"k":[100,100],"ix":3},"r":{"a":0,"k":0,"ix":6},"o":{"a":0,"k":100,"ix":7},"sk":{"a":0,"k":0,"ix":4},"sa":{"a":0,"k":0,"ix":5},"nm":"Transform"}],"nm":"Rectangle","np":2,"cix":2,"bm":0,"ix":1,"mn":"ADBE Vector Group","hd":false}],"ip":0,"op":250,"st":0,"bm":0},{"ddd":0,"ind":2,"ty":4,"nm":"Warstwa 4","sr":1,"ks":{"o":{"a":0,"k":100,"ix":11},"r":{"a":1,"k":[{"i":{"x":[0.833],"y":[0.833]},"o":{"x":[0.167],"y":[0.167]},"t":0,"s":[0]},{"i":{"x":[0.833],"y":[0.833]},"o":{"x":[0.167],"y":[0.167]},"t":7.258,"s":[6]},{"t":12.09765625,"s":[0]}],"ix":10},"p":{"a":1,"k":[{"i":{"x":0.32,"y":1},"o":{"x":0.167,"y":0.167},"t":0,"s":[212.578,355.694,0],"to":[0,-1.792,0],"ti":[0,0,0]},{"i":{"x":0.833,"y":0.833},"o":{"x":0.68,"y":0},"t":7.258,"s":[212.578,344.941,0],"to":[0,0,0],"ti":[0,-1.792,0]},{"t":12.09765625,"s":[212.578,355.694,0]}],"ix":2,"l":2},"a":{"a":0,"k":[-4,8.5,0],"ix":1,"l":2},"s":{"a":0,"k":[1075.292,1075.292,100],"ix":6,"l":2}},"ao":0,"shapes":[{"ty":"gr","it":[{"ind":0,"ty":"sh","ix":1,"ks":{"a":0,"k":{"i":[[-1.381,0],[0,0],[0,-1.381],[0,0],[1.381,0],[0,0],[0,1.381],[0,0]],"o":[[0,0],[1.381,0],[0,0],[0,1.381],[0,0],[-1.381,0],[0,0],[0,-1.381]],"v":[[-12,6],[4,6],[6.5,8.5],[6.5,8.5],[4,11],[-12,11],[-14.5,8.5],[-14.5,8.5]],"c":true},"ix":2},"nm":"Path 1","mn":"ADBE Vector Shape - Group","hd":false},{"ty":"st","c":{"a":0,"k":[0.2,0.2,0.2,1],"ix":3},"o":{"a":0,"k":100,"ix":4},"w":{"a":0,"k":1.5,"ix":5},"lc":1,"lj":1,"ml":4,"bm":0,"nm":"Stroke 1","mn":"ADBE Vector Graphic - Stroke","hd":false},{"ty":"tr","p":{"a":0,"k":[0,0],"ix":2},"a":{"a":0,"k":[0,0],"ix":1},"s":{"a":0,"k":[100,100],"ix":3},"r":{"a":0,"k":0,"ix":6},"o":{"a":0,"k":100,"ix":7},"sk":{"a":0,"k":0,"ix":4},"sa":{"a":0,"k":0,"ix":5},"nm":"Transform"}],"nm":"Group 1","np":2,"cix":2,"bm":0,"ix":1,"mn":"ADBE Vector Group","hd":false}],"ip":0,"op":250,"st":0,"bm":0},{"ddd":0,"ind":3,"ty":4,"nm":"Warstwa 3","sr":1,"ks":{"o":{"a":0,"k":100,"ix":11},"r":{"a":1,"k":[{"i":{"x":[0.833],"y":[0.833]},"o":{"x":[0.167],"y":[0.167]},"t":0,"s":[0]},{"i":{"x":[0.833],"y":[0.833]},"o":{"x":[0.167],"y":[0.167]},"t":7.258,"s":[-10]},{"i":{"x":[0.833],"y":[0.833]},"o":{"x":[0.167],"y":[0.167]},"t":12.098,"s":[0]},{"i":{"x":[0.833],"y":[0.833]},"o":{"x":[0.167],"y":[0.167]},"t":21.774,"s":[0]},{"t":30.2421875,"s":[0]}],"ix":10},"p":{"a":1,"k":[{"i":{"x":0.32,"y":1},"o":{"x":0.167,"y":0.167},"t":0,"s":[234.078,301.93,0],"to":[0,-8.961,0],"ti":[0,0,0]},{"i":{"x":0.833,"y":0.833},"o":{"x":0.68,"y":0},"t":7.258,"s":[234.078,248.165,0],"to":[0,0,0],"ti":[0,-6.991,0]},{"i":{"x":0.32,"y":1},"o":{"x":0.167,"y":0.167},"t":12.098,"s":[234.078,301.93,0],"to":[0,-4.271,0],"ti":[0,0,0]},{"i":{"x":0.833,"y":0.833},"o":{"x":0.68,"y":0},"t":16.936,"s":[234.078,290.113,0],"to":[0,0,0],"ti":[0,-6.991,0]},{"i":{"x":0.667,"y":1},"o":{"x":0.167,"y":0.167},"t":21.774,"s":[234.078,301.93,0],"to":[0,-4.271,0],"ti":[0,1.231,0]},{"i":{"x":0.833,"y":0.833},"o":{"x":0.333,"y":0},"t":25.403,"s":[234.078,295.283,0],"to":[0,-1.231,0],"ti":[0,-6.991,0]},{"t":30.2421875,"s":[234.078,301.93,0]}],"ix":2,"l":2},"a":{"a":0,"k":[-4,3.5,0],"ix":1,"l":2},"s":{"a":0,"k":[1075.292,1075.292,100],"ix":6,"l":2}},"ao":0,"shapes":[{"ty":"gr","it":[{"ind":0,"ty":"sh","ix":1,"ks":{"a":0,"k":{"i":[[-1.381,0],[0,0],[0,-1.381],[0,0],[1.381,0],[0,0],[0,1.381],[0,0]],"o":[[0,0],[1.381,0],[0,0],[0,1.381],[0,0],[-1.381,0],[0,0],[0,-1.381]],"v":[[-12,1],[4,1],[6.5,3.5],[6.5,3.5],[4,6],[-12,6],[-14.5,3.5],[-14.5,3.5]],"c":true},"ix":2},"nm":"Path 1","mn":"ADBE Vector Shape - Group","hd":false},{"ty":"st","c":{"a":0,"k":[0.2,0.2,0.2,1],"ix":3},"o":{"a":0,"k":100,"ix":4},"w":{"a":0,"k":1.5,"ix":5},"lc":1,"lj":1,"ml":4,"bm":0,"nm":"Stroke 1","mn":"ADBE Vector Graphic - Stroke","hd":false},{"ty":"tr","p":{"a":0,"k":[0,0],"ix":2},"a":{"a":0,"k":[0,0],"ix":1},"s":{"a":0,"k":[100,100],"ix":3},"r":{"a":0,"k":0,"ix":6},"o":{"a":0,"k":100,"ix":7},"sk":{"a":0,"k":0,"ix":4},"sa":{"a":0,"k":0,"ix":5},"nm":"Transform"}],"nm":"Group 1","np":2,"cix":2,"bm":0,"ix":1,"mn":"ADBE Vector Group","hd":false}],"ip":0,"op":250,"st":0,"bm":0},{"ddd":0,"ind":4,"ty":4,"nm":"Warstwa 2","sr":1,"ks":{"o":{"a":0,"k":100,"ix":11},"r":{"a":1,"k":[{"i":{"x":[0.833],"y":[0.833]},"o":{"x":[0.167],"y":[0.167]},"t":0,"s":[0]},{"i":{"x":[0.833],"y":[0.833]},"o":{"x":[0.167],"y":[0.167]},"t":7,"s":[14]},{"i":{"x":[0.833],"y":[0.833]},"o":{"x":[0.167],"y":[0.167]},"t":12.098,"s":[0]},{"i":{"x":[0.833],"y":[0.833]},"o":{"x":[0.167],"y":[0.167]},"t":21.774,"s":[0]},{"t":30.2421875,"s":[0]}],"ix":10},"p":{"a":1,"k":[{"i":{"x":0.32,"y":1},"o":{"x":0.167,"y":0.167},"t":0,"s":[212.578,248.165,0],"to":[0,-14.534,0],"ti":[0,0,0]},{"i":{"x":0.833,"y":0.833},"o":{"x":0.68,"y":0},"t":7,"s":[212.578,160.959,0],"to":[0,0,0],"ti":[0,-7.508,0]},{"i":{"x":0.32,"y":1},"o":{"x":0.167,"y":0.167},"t":12.098,"s":[212.578,248.165,0],"to":[0.369,-6.154,0],"ti":[0,0,0]},{"i":{"x":0.833,"y":0.833},"o":{"x":0.68,"y":0},"t":16.936,"s":[212.578,226.009,0],"to":[0,0,0],"ti":[0,-7.508,0]},{"i":{"x":0.667,"y":1},"o":{"x":0.167,"y":0.167},"t":21.774,"s":[212.578,248.165,0],"to":[0.369,-6.154,0],"ti":[0,1.231,0]},{"i":{"x":0.833,"y":0.833},"o":{"x":0.333,"y":0},"t":25.403,"s":[212.578,235.61,0],"to":[0,-1.231,0],"ti":[0,-7.508,0]},{"t":30.2421875,"s":[212.578,248.165,0]}],"ix":2,"l":2},"a":{"a":0,"k":[-4,-1.5,0],"ix":1,"l":2},"s":{"a":0,"k":[1075.292,1075.292,100],"ix":6,"l":2}},"ao":0,"shapes":[{"ty":"gr","it":[{"ind":0,"ty":"sh","ix":1,"ks":{"a":0,"k":{"i":[[-1.381,0],[0,0],[0,-1.381],[0,0],[1.381,0],[0,0],[0,1.381],[0,0]],"o":[[0,0],[1.381,0],[0,0],[0,1.381],[0,0],[-1.381,0],[0,0],[0,-1.381]],"v":[[-12,-4],[4,-4],[6.5,-1.5],[6.5,-1.5],[4,1],[-12,1],[-14.5,-1.5],[-14.5,-1.5]],"c":true},"ix":2},"nm":"Path 1","mn":"ADBE Vector Shape - Group","hd":false},{"ty":"st","c":{"a":0,"k":[0.2,0.2,0.2,1],"ix":3},"o":{"a":0,"k":100,"ix":4},"w":{"a":0,"k":1.5,"ix":5},"lc":1,"lj":1,"ml":4,"bm":0,"nm":"Stroke 1","mn":"ADBE Vector Graphic - Stroke","hd":false},{"ty":"tr","p":{"a":0,"k":[0,0],"ix":2},"a":{"a":0,"k":[0,0],"ix":1},"s":{"a":0,"k":[100,100],"ix":3},"r":{"a":0,"k":0,"ix":6},"o":{"a":0,"k":100,"ix":7},"sk":{"a":0,"k":0,"ix":4},"sa":{"a":0,"k":0,"ix":5},"nm":"Transform"}],"nm":"Group 1","np":2,"cix":2,"bm":0,"ix":1,"mn":"ADBE Vector Group","hd":false}],"ip":0,"op":250,"st":0,"bm":0}]}],"layers":[{"ddd":0,"ind":2,"ty":3,"nm":"NULL","sr":1,"ks":{"o":{"a":0,"k":0,"ix":11},"r":{"a":0,"k":0,"ix":10},"p":{"a":0,"k":[250,220,0],"ix":2,"l":2},"a":{"a":0,"k":[60,60,0],"ix":1,"l":2},"s":{"a":0,"k":[430,430,100],"ix":6,"l":2}},"ao":0,"ip":0,"op":125,"st":0,"bm":0},{"ddd":0,"ind":3,"ty":3,"nm":"NULL CONTROL","parent":2,"sr":1,"ks":{"o":{"a":0,"k":0,"ix":11},"r":{"a":0,"k":0,"ix":10},"p":{"a":0,"k":[59.5,60.25,0],"ix":2,"l":2},"a":{"a":0,"k":[60,60,0],"ix":1,"l":2},"s":{"a":0,"k":[9,9,100],"ix":6,"l":2}},"ao":0,"ip":0,"op":250,"st":0,"bm":0},{"ddd":0,"ind":4,"ty":4,"nm":"Warstwa 5","parent":3,"sr":1,"ks":{"o":{"a":0,"k":100,"ix":11},"r":{"a":1,"k":[{"i":{"x":[0.582],"y":[0.428]},"o":{"x":[0.578],"y":[0.816]},"t":0,"s":[0]},{"i":{"x":[0.519],"y":[0.336]},"o":{"x":[0.483],"y":[0.702]},"t":13.778,"s":[300]},{"i":{"x":[0.667],"y":[1]},"o":{"x":[0.167],"y":[0.167]},"t":24.799,"s":[334.632]},{"t":41,"s":[360]}],"ix":10},"p":{"a":1,"k":[{"i":{"x":0.32,"y":1},"o":{"x":0.167,"y":0.167},"t":0,"s":[191.141,268.927,0],"to":[-7.792,-32.76,0],"ti":[34.748,2.491,0]},{"i":{"x":0.833,"y":0.833},"o":{"x":0.68,"y":0},"t":8,"s":[134.693,71.2,0],"to":[-29.218,-2.094,0],"ti":[0,-17.366,0]},{"i":{"x":0.667,"y":1},"o":{"x":0.167,"y":0.167},"t":13.778,"s":[95.629,268.927,0],"to":[0,-9.117,0],"ti":[-14.935,0.102,0]},{"i":{"x":0.833,"y":0.833},"o":{"x":0.333,"y":0},"t":19.288,"s":[123.415,215.446,0],"to":[15.653,-0.107,0],"ti":[0,-5.789,0]},{"i":{"x":0.667,"y":1},"o":{"x":0.167,"y":0.167},"t":24.562,"s":[149.463,268.927,0],"to":[-0.434,-6.802,0],"ti":[-7.767,-0.249,0]},{"i":{"x":0.833,"y":0.833},"o":{"x":0.333,"y":0},"t":28.932,"s":[163.139,247.076,0],"to":[8.023,0.258,0],"ti":[0,-2.894,0]},{"i":{"x":0.667,"y":1},"o":{"x":0.167,"y":0.167},"t":34.442,"s":[174.644,268.927,0],"to":[5.644,-0.579,0],"ti":[-5.246,-0.072,0]},{"t":41,"s":[191.141,268.927,0]}],"ix":2,"l":2},"a":{"a":0,"k":[4,3.5,0],"ix":1,"l":2},"s":{"a":0,"k":[2778.533,2778.533,100],"ix":6,"l":2}},"ao":0,"shapes":[{"ty":"gr","it":[{"ind":0,"ty":"sh","ix":1,"ks":{"a":0,"k":{"i":[[-3.932,0],[0,-3.932],[3.932,0],[0,3.932]],"o":[[3.932,0],[0,3.932],[-3.932,0],[0,-3.932]],"v":[[4,-3.619],[11.119,3.5],[4,10.619],[-3.119,3.5]],"c":true},"ix":2},"nm":"Path 1","mn":"ADBE Vector Shape - Group","hd":false},{"ty":"st","c":{"a":0,"k":[0.00392156862745098,0.43529411764705883,0.7254901960784313,1],"ix":3},"o":{"a":0,"k":100,"ix":4},"w":{"a":0,"k":1.5,"ix":5},"lc":1,"lj":1,"ml":4,"bm":0,"nm":"Stroke 1","mn":"ADBE Vector Graphic - Stroke","hd":false},{"ty":"tr","p":{"a":0,"k":[0,0],"ix":2},"a":{"a":0,"k":[0,0],"ix":1},"s":{"a":0,"k":[100,100],"ix":3},"r":{"a":0,"k":0,"ix":6},"o":{"a":0,"k":100,"ix":7},"sk":{"a":0,"k":0,"ix":4},"sa":{"a":0,"k":0,"ix":5},"nm":"Transform"}],"nm":"Oval 2","np":2,"cix":2,"bm":0,"ix":1,"mn":"ADBE Vector Group","hd":false},{"ty":"gr","it":[{"ind":0,"ty":"sh","ix":1,"ks":{"a":0,"k":{"i":[[-5.799,0],[0,-5.799],[5.799,0],[0,5.799]],"o":[[5.799,0],[0,5.799],[-5.799,0],[0,-5.799]],"v":[[4,-7],[14.5,3.5],[4,14],[-6.5,3.5]],"c":true},"ix":2},"nm":"Path 1","mn":"ADBE Vector Shape - Group","hd":false},{"ty":"st","c":{"a":0,"k":[0.2,0.2,0.2,1],"ix":3},"o":{"a":0,"k":100,"ix":4},"w":{"a":0,"k":1.5,"ix":5},"lc":1,"lj":1,"ml":4,"bm":0,"nm":"Stroke 1","mn":"ADBE Vector Graphic - Stroke","hd":false},{"ty":"tr","p":{"a":0,"k":[0,0],"ix":2},"a":{"a":0,"k":[0,0],"ix":1},"s":{"a":0,"k":[100,100],"ix":3},"r":{"a":0,"k":0,"ix":6},"o":{"a":0,"k":100,"ix":7},"sk":{"a":0,"k":0,"ix":4},"sa":{"a":0,"k":0,"ix":5},"nm":"Transform"}],"nm":"Oval","np":2,"cix":2,"bm":0,"ix":2,"mn":"ADBE Vector Group","hd":false}],"ip":0,"op":250,"st":0,"bm":0},{"ddd":0,"ind":5,"ty":4,"nm":"Warstwa 6","parent":4,"td":1,"sr":1,"ks":{"o":{"a":0,"k":100,"ix":11},"r":{"a":0,"k":0,"ix":10},"p":{"a":0,"k":[4,3.5,0],"ix":2,"l":2},"a":{"a":0,"k":[4,3.5,0],"ix":1,"l":2},"s":{"a":0,"k":[100,100,100],"ix":6,"l":2}},"ao":0,"shapes":[{"ty":"gr","it":[{"ind":0,"ty":"sh","ix":1,"ks":{"a":0,"k":{"i":[[-3.932,0],[0,-3.932],[3.932,0],[0,3.932]],"o":[[3.932,0],[0,3.932],[-3.932,0],[0,-3.932]],"v":[[4,-3.619],[11.119,3.5],[4,10.619],[-3.119,3.5]],"c":true},"ix":2},"nm":"Path 1","mn":"ADBE Vector Shape - Group","hd":false},{"ty":"st","c":{"a":0,"k":[0,0,0,1],"ix":3},"o":{"a":0,"k":100,"ix":4},"w":{"a":0,"k":1.5,"ix":5},"lc":1,"lj":1,"ml":4,"bm":0,"nm":"Stroke 1","mn":"ADBE Vector Graphic - Stroke","hd":false},{"ty":"tr","p":{"a":0,"k":[0,0],"ix":2},"a":{"a":0,"k":[0,0],"ix":1},"s":{"a":0,"k":[100,100],"ix":3},"r":{"a":0,"k":0,"ix":6},"o":{"a":0,"k":100,"ix":7},"sk":{"a":0,"k":0,"ix":4},"sa":{"a":0,"k":0,"ix":5},"nm":"Transform"}],"nm":"Oval 2","np":2,"cix":2,"bm":0,"ix":1,"mn":"ADBE Vector Group","hd":false},{"ty":"gr","it":[{"ind":0,"ty":"sh","ix":1,"ks":{"a":0,"k":{"i":[[-5.799,0],[0,-5.799],[5.799,0],[0,5.799]],"o":[[5.799,0],[0,5.799],[-5.799,0],[0,-5.799]],"v":[[4,-7],[14.5,3.5],[4,14],[-6.5,3.5]],"c":true},"ix":2},"nm":"Path 1","mn":"ADBE Vector Shape - Group","hd":false},{"ty":"st","c":{"a":0,"k":[0,0,0,1],"ix":3},"o":{"a":0,"k":100,"ix":4},"w":{"a":0,"k":1.5,"ix":5},"lc":1,"lj":1,"ml":4,"bm":0,"nm":"Stroke 1","mn":"ADBE Vector Graphic - Stroke","hd":false},{"ty":"tr","p":{"a":0,"k":[0,0],"ix":2},"a":{"a":0,"k":[0,0],"ix":1},"s":{"a":0,"k":[100,100],"ix":3},"r":{"a":0,"k":0,"ix":6},"o":{"a":0,"k":100,"ix":7},"sk":{"a":0,"k":0,"ix":4},"sa":{"a":0,"k":0,"ix":5},"nm":"Transform"}],"nm":"Oval","np":2,"cix":2,"bm":0,"ix":2,"mn":"ADBE Vector Group","hd":false},{"ty":"fl","c":{"a":0,"k":[0,0,0,1],"ix":4},"o":{"a":0,"k":100,"ix":5},"r":1,"bm":0,"nm":"Fill 1","mn":"ADBE Vector Graphic - Fill","hd":false}],"ip":0,"op":250,"st":0,"bm":0},{"ddd":0,"ind":6,"ty":0,"nm":"Stuck","tt":2,"refId":"comp_0","sr":1,"ks":{"o":{"a":0,"k":100,"ix":11},"r":{"a":0,"k":0,"ix":10},"p":{"a":0,"k":[250,250,0],"ix":2,"l":2},"a":{"a":0,"k":[250,250,0],"ix":1,"l":2},"s":{"a":0,"k":[100,100,100],"ix":6,"l":2}},"ao":0,"w":500,"h":500,"ip":0,"op":125,"st":0,"bm":0}],"markers":[]}