{"v":"5.7.5","fr":24,"ip":0,"op":25,"w":500,"h":500,"nm":"453-savings-pig-outline","ddd":0,"assets":[],"layers":[{"ddd":0,"ind":1,"ty":4,"nm":"Shape Layer 6","sr":1,"ks":{"o":{"a":0,"k":100,"ix":11},"r":{"a":0,"k":0,"ix":10},"p":{"a":0,"k":[245.982,299.5,0],"ix":2,"l":2},"a":{"a":0,"k":[1.982,43,0],"ix":1,"l":2},"s":{"a":0,"k":[100,100,100],"ix":6,"l":2}},"ao":0,"shapes":[{"ty":"gr","it":[{"ind":0,"ty":"sh","ix":1,"ks":{"a":1,"k":[{"i":{"x":0.667,"y":1},"o":{"x":0.167,"y":0.167},"t":6,"s":[{"i":[[7.525,0],[0,-7.525],[-7.525,0],[0,7.525]],"o":[[-7.525,0],[0,7.525],[7.525,0],[0,-7.525]],"v":[[-2,-16.125],[-15.625,-2.5],[-2,11.125],[11.625,-2.5]],"c":true}]},{"i":{"x":0.667,"y":1},"o":{"x":0.333,"y":0},"t":9,"s":[{"i":[[11.313,0],[0,-2.438],[-11.313,0],[0,2.438]],"o":[[-11.313,0],[0,2.438],[11.313,0],[0,-2.438]],"v":[[6,26.625],[-5,28.25],[6,29.875],[17,28.25]],"c":true}]},{"i":{"x":0.667,"y":1},"o":{"x":0.333,"y":0},"t":11,"s":[{"i":[[7.525,0],[0,-7.525],[-7.525,0],[0,7.525]],"o":[[-7.525,0],[0,7.525],[7.525,0],[0,-7.525]],"v":[[-7.625,-20.375],[-21.25,-6.75],[-7.625,6.875],[6,-6.75]],"c":true}]},{"t":13,"s":[{"i":[[7.525,0],[0,-7.525],[-7.525,0],[0,7.525]],"o":[[-7.525,0],[0,7.525],[7.525,0],[0,-7.525]],"v":[[-1.875,-15.875],[-15.5,-2.25],[-1.875,11.375],[11.75,-2.25]],"c":true}]}],"ix":2},"nm":"Path 1","mn":"ADBE Vector Shape - Group","hd":false},{"ty":"fl","c":{"a":0,"k":[0.2,0.2,0.2,1],"ix":4},"o":{"a":0,"k":100,"ix":5},"r":1,"bm":0,"nm":"Fill 1","mn":"ADBE Vector Graphic - Fill","hd":false},{"ty":"tr","p":{"a":0,"k":[84.75,-29.625],"ix":2},"a":{"a":0,"k":[0,0],"ix":1},"s":{"a":0,"k":[100,100],"ix":3},"r":{"a":0,"k":0,"ix":6},"o":{"a":0,"k":100,"ix":7},"sk":{"a":0,"k":0,"ix":4},"sa":{"a":0,"k":0,"ix":5},"nm":"Transform"}],"nm":"Ellipse 3","np":2,"cix":2,"bm":0,"ix":1,"mn":"ADBE Vector Group","hd":false},{"ty":"gr","it":[{"ind":0,"ty":"sh","ix":1,"ks":{"a":1,"k":[{"i":{"x":0.667,"y":1},"o":{"x":0.167,"y":0.167},"t":6,"s":[{"i":[[0,0],[-27.5,-0.006],[0,0]],"o":[[0,0],[27.5,0.006],[0,0]],"v":[[61.327,14.494],[95.913,10.994],[132.946,14.494]],"c":false}]},{"i":{"x":0.667,"y":1},"o":{"x":0.333,"y":0},"t":9,"s":[{"i":[[0,0],[-29.542,-0.005],[0,0]],"o":[[0,0],[29.542,0.005],[0,0]],"v":[[60.768,50.355],[97.845,53.915],[137.704,50.355]],"c":false}]},{"i":{"x":0.667,"y":1},"o":{"x":0.333,"y":0},"t":11,"s":[{"i":[[0,0],[-25.682,-0.006],[0,0]],"o":[[0,0],[25.682,0.006],[0,0]],"v":[[62.715,9.071],[95.015,5.462],[129.599,9.071]],"c":false}]},{"i":{"x":0.667,"y":1},"o":{"x":0.167,"y":0},"t":13,"s":[{"i":[[0,0],[-27.5,-0.006],[0,0]],"o":[[0,0],[27.5,0.006],[0,0]],"v":[[61.327,14.494],[95.913,10.994],[132.946,14.494]],"c":false}]},{"t":15,"s":[{"i":[[0,0],[-27.5,-0.006],[0,0]],"o":[[0,0],[27.5,0.006],[0,0]],"v":[[61.327,14.494],[95.913,10.994],[132.946,14.494]],"c":false}]}],"ix":2},"nm":"Path 1","mn":"ADBE Vector Shape - Group","hd":false},{"ty":"st","c":{"a":0,"k":[0.2,0.2,0.2,1],"ix":3},"o":{"a":0,"k":100,"ix":4},"w":{"a":0,"k":12,"ix":5},"lc":2,"lj":2,"bm":0,"nm":"Stroke 1","mn":"ADBE Vector Graphic - Stroke","hd":false},{"ty":"tr","p":{"a":0,"k":[-88,-78],"ix":2},"a":{"a":0,"k":[0,0],"ix":1},"s":{"a":0,"k":[100,100],"ix":3},"r":{"a":0,"k":0,"ix":6},"o":{"a":0,"k":100,"ix":7},"sk":{"a":0,"k":0,"ix":4},"sa":{"a":0,"k":0,"ix":5},"nm":"Transform"}],"nm":"Ellipse 1","np":2,"cix":2,"bm":0,"ix":2,"mn":"ADBE Vector Group","hd":false}],"ip":0,"op":120,"st":0,"bm":0},{"ddd":0,"ind":2,"ty":4,"nm":"Shape Layer 5","td":1,"sr":1,"ks":{"o":{"a":0,"k":100,"ix":11},"r":{"a":0,"k":0,"ix":10},"p":{"a":0,"k":[250,250,0],"ix":2,"l":2},"a":{"a":0,"k":[0,0,0],"ix":1,"l":2},"s":{"a":0,"k":[100,100,100],"ix":6,"l":2}},"ao":0,"shapes":[{"ty":"gr","it":[{"ind":0,"ty":"sh","ix":1,"ks":{"a":1,"k":[{"i":{"x":0.833,"y":0.833},"o":{"x":0.167,"y":0.167},"t":6,"s":[{"i":[[15.776,0],[13.408,-3.038],[0,-15.769],[-53.088,0],[0,22.713],[31.067,6.815]],"o":[[-16.23,0],[-30.452,6.9],[0,22.713],[53.088,0],[0,-15.963],[-13.135,-2.881]],"v":[[3.625,-42.25],[-41.303,-37.491],[-92.5,-1.125],[3.625,40],[99.75,-1.125],[47.424,-37.743]],"c":true}]},{"i":{"x":0.833,"y":0.833},"o":{"x":0.167,"y":0.167},"t":7,"s":[{"i":[[15.776,0],[13.408,-3.038],[0,-15.769],[-53.088,0],[0,22.713],[31.067,6.815]],"o":[[-16.23,0],[-30.452,6.9],[0,22.713],[53.088,0],[0,-15.963],[-13.135,-2.881]],"v":[[3.593,-15.899],[-41.257,-20.139],[-92.453,16.226],[3.672,87.258],[99.797,16.226],[47.47,-20.391]],"c":true}]},{"i":{"x":0.667,"y":1},"o":{"x":0.167,"y":0.167},"t":8,"s":[{"i":[[11.672,0],[8.358,1.626],[0,-17.566],[-53.088,0],[0,22.713],[36.724,5.784]],"o":[[-12.029,0],[-36.227,5.893],[0,22.713],[53.088,0],[0,-17.719],[-9.504,1.777]],"v":[[3.593,-4.547],[-30.608,-8.376],[-92.578,30.078],[3.547,131.015],[99.672,30.078],[36.754,-8.527]],"c":true}]},{"i":{"x":0.833,"y":0.833},"o":{"x":0.333,"y":0},"t":9,"s":[{"i":[[15.776,0],[13.408,-3.038],[0,-15.769],[-53.088,0],[0,22.713],[31.067,6.815]],"o":[[-16.23,0],[-30.452,6.9],[0,22.713],[53.088,0],[0,-15.963],[-13.135,-2.881]],"v":[[3.5,-5.75],[-41.428,-0.991],[-92.625,35.375],[3.5,150],[99.625,35.375],[47.299,-1.243]],"c":true}]},{"i":{"x":0.833,"y":0.833},"o":{"x":0.167,"y":0.167},"t":11,"s":[{"i":[[15.776,0],[13.408,-3.038],[0,-15.769],[-53.088,0],[0,22.713],[31.067,6.815]],"o":[[-16.23,0],[-30.452,6.9],[0,22.713],[53.088,0],[0,-15.963],[-13.135,-2.881]],"v":[[3.5,-46.75],[-41.428,-41.991],[-92.625,-5.625],[3.5,168],[99.625,-5.625],[47.299,-42.243]],"c":true}]},{"t":12,"s":[{"i":[[15.776,0],[13.408,-3.038],[0,-15.769],[-53.088,0],[0,22.713],[31.067,6.815]],"o":[[-16.23,0],[-30.452,6.9],[0,22.713],[53.088,0],[0,-15.963],[-13.135,-2.881]],"v":[[3.5,-7.25],[-41.428,-2.491],[-92.625,33.875],[3.5,207.5],[99.625,33.875],[47.299,-2.743]],"c":true}]}],"ix":2},"nm":"Path 1","mn":"ADBE Vector Shape - Group","hd":false},{"ty":"st","c":{"a":0,"k":[0,0,0,1],"ix":3},"o":{"a":0,"k":100,"ix":4},"w":{"a":0,"k":12,"ix":5},"lc":1,"lj":1,"ml":4,"bm":9,"nm":"Stroke 1","mn":"ADBE Vector Graphic - Stroke","hd":false},{"ty":"fl","c":{"a":0,"k":[0,0,0,1],"ix":4,"x":"var $bm_rt;\n$bm_rt = content('Ellipse 1').content('Stroke 1').color;"},"o":{"a":0,"k":100,"ix":5},"r":1,"bm":0,"nm":"Fill 1","mn":"ADBE Vector Graphic - Fill","hd":false},{"ty":"tr","p":{"a":0,"k":[-0.5,-27.25],"ix":2},"a":{"a":0,"k":[0,0],"ix":1},"s":{"a":0,"k":[100,100],"ix":3},"r":{"a":0,"k":0,"ix":6},"o":{"a":0,"k":100,"ix":7},"sk":{"a":0,"k":0,"ix":4},"sa":{"a":0,"k":0,"ix":5},"nm":"Transform"}],"nm":"Ellipse 1","np":3,"cix":2,"bm":0,"ix":1,"mn":"ADBE Vector Group","hd":false}],"ip":0,"op":81,"st":0,"bm":0},{"ddd":0,"ind":3,"ty":4,"nm":"coin","tt":2,"sr":1,"ks":{"o":{"a":0,"k":100,"ix":11},"r":{"a":0,"k":0,"ix":10},"p":{"a":0,"k":[253,130,0],"ix":2,"l":2},"a":{"a":0,"k":[3,-120,0],"ix":1,"l":2},"s":{"a":0,"k":[100,100,100],"ix":6,"l":2}},"ao":0,"shapes":[{"ty":"gr","it":[{"ind":0,"ty":"sh","ix":1,"ks":{"a":1,"k":[{"i":{"x":0.667,"y":1},"o":{"x":0.167,"y":0.167},"t":16,"s":[{"i":[[4.418,0],[0,-4.418],[-4.418,0],[0,4.418]],"o":[[-4.418,0],[0,4.418],[4.418,0],[0,-4.418]],"v":[[7,-135],[-1,-127],[7,-119],[15,-127]],"c":true}]},{"i":{"x":0.667,"y":1},"o":{"x":0.333,"y":0},"t":19,"s":[{"i":[[28.167,0],[0,-28.167],[-28.167,0],[0,28.167]],"o":[[-28.167,0],[0,28.167],[28.167,0],[0,-28.167]],"v":[[7,-63],[-44,-12],[7,39],[58,-12]],"c":true}]},{"i":{"x":0.667,"y":1},"o":{"x":0.333,"y":0},"t":22,"s":[{"i":[[28.167,0],[0,-28.167],[-28.167,0],[0,28.167]],"o":[[-28.167,0],[0,28.167],[28.167,0],[0,-28.167]],"v":[[7,-79.5],[-44,-28.5],[7,22.5],[58,-28.5]],"c":true}]},{"t":24,"s":[{"i":[[28.167,0],[0,-28.167],[-28.167,0],[0,28.167]],"o":[[-28.167,0],[0,28.167],[28.167,0],[0,-28.167]],"v":[[7,-69.5],[-44,-18.5],[7,32.5],[58,-18.5]],"c":true}]}],"ix":2},"nm":"Path 3","mn":"ADBE Vector Shape - Group","hd":false},{"ty":"st","c":{"a":0,"k":[0.00392156862745098,0.43529411764705883,0.7254901960784313,1],"ix":3},"o":{"a":1,"k":[{"t":16,"s":[0],"h":1},{"t":17,"s":[100],"h":1}],"ix":4},"w":{"a":0,"k":12,"ix":5},"lc":1,"lj":1,"ml":4,"bm":9,"nm":"Stroke 1","mn":"ADBE Vector Graphic - Stroke","hd":false},{"ty":"tr","p":{"a":0,"k":[-4,-101.5],"ix":2},"a":{"a":0,"k":[0,0],"ix":1},"s":{"a":0,"k":[100,100],"ix":3},"r":{"a":0,"k":0,"ix":6},"o":{"a":0,"k":100,"ix":7},"sk":{"a":0,"k":0,"ix":4},"sa":{"a":0,"k":0,"ix":5},"nm":"Transform"}],"nm":"Ellipse 2","np":2,"cix":2,"bm":0,"ix":1,"mn":"ADBE Vector Group","hd":false},{"ty":"gr","it":[{"ind":0,"ty":"sh","ix":1,"ks":{"a":1,"k":[{"i":{"x":0,"y":1},"o":{"x":0.333,"y":0},"t":0,"s":[{"i":[[28.167,0],[0,-28.167],[-28.167,0],[0,28.167]],"o":[[-28.167,0],[0,28.167],[28.167,0],[0,-28.167]],"v":[[7,-69.5],[-44,-18.5],[7,32.5],[58,-18.5]],"c":true}]},{"i":{"x":0.833,"y":0.833},"o":{"x":1,"y":0},"t":3,"s":[{"i":[[28.167,0],[0,-28.167],[-28.167,0],[0,28.167]],"o":[[-28.167,0],[0,28.167],[28.167,0],[0,-28.167]],"v":[[7,-114.5],[-44,-63.5],[7,-12.5],[58,-63.5]],"c":true}]},{"i":{"x":0.833,"y":0.833},"o":{"x":0.167,"y":0.167},"t":6,"s":[{"i":[[28.167,0],[0,-28.167],[-28.167,0],[0,28.167]],"o":[[-28.167,0],[0,28.167],[28.167,0],[0,-28.167]],"v":[[7,-82],[-44,-31],[7,20],[58,-31]],"c":true}]},{"i":{"x":0.833,"y":0.833},"o":{"x":0.167,"y":0.167},"t":7,"s":[{"i":[[28.166,0],[-6.216,-30.457],[-28.167,0],[-6.27,30.934]],"o":[[-28.167,0],[10,49],[28.167,0],[7.5,-37]],"v":[[7,-69.5],[-40,-17.5],[9.5,51.5],[54.5,-14.5]],"c":true}]},{"i":{"x":0.833,"y":0.833},"o":{"x":0.167,"y":0.167},"t":8,"s":[{"i":[[21.807,0],[-4.238,-30.457],[-21.808,0],[-4.275,30.934]],"o":[[-21.808,0],[6.818,49],[21.807,0],[5.114,-37]],"v":[[7.201,-15.5],[-23.762,49],[9.137,105.5],[40.671,52]],"c":true}]},{"t":9,"s":[{"i":[[21.807,0],[-4.238,-30.457],[-21.808,0],[-4.275,30.934]],"o":[[-21.808,0],[6.818,49],[21.807,0],[5.114,-37]],"v":[[7.806,85.5],[-23.158,150],[9.741,206.5],[41.275,153]],"c":true}]}],"ix":2},"nm":"Path 2","mn":"ADBE Vector Shape - Group","hd":false},{"ty":"st","c":{"a":0,"k":[0.00392156862745098,0.43529411764705883,0.7254901960784313,1],"ix":3},"o":{"a":0,"k":100,"ix":4},"w":{"a":0,"k":12,"ix":5},"lc":1,"lj":1,"ml":4,"bm":9,"nm":"Stroke 1","mn":"ADBE Vector Graphic - Stroke","hd":false},{"ty":"tr","p":{"a":0,"k":[-4,-101.5],"ix":2},"a":{"a":0,"k":[0,0],"ix":1},"s":{"a":0,"k":[100,100],"ix":3},"r":{"a":0,"k":0,"ix":6},"o":{"a":0,"k":100,"ix":7},"sk":{"a":0,"k":0,"ix":4},"sa":{"a":0,"k":0,"ix":5},"nm":"Transform"}],"nm":"Ellipse 1","np":2,"cix":2,"bm":0,"ix":2,"mn":"ADBE Vector Group","hd":false}],"ip":0,"op":81,"st":0,"bm":0},{"ddd":0,"ind":4,"ty":4,"nm":"coin -matte","td":1,"sr":1,"ks":{"o":{"a":0,"k":100,"ix":11},"r":{"a":0,"k":0,"ix":10},"p":{"a":0,"k":[253,130,0],"ix":2,"l":2},"a":{"a":0,"k":[3,-120,0],"ix":1,"l":2},"s":{"a":0,"k":[100,100,100],"ix":6,"l":2}},"ao":0,"shapes":[{"ty":"gr","it":[{"ind":0,"ty":"sh","ix":1,"ks":{"a":1,"k":[{"i":{"x":0.667,"y":1},"o":{"x":0.167,"y":0.167},"t":16,"s":[{"i":[[4.418,0],[0,-4.418],[-4.418,0],[0,4.418]],"o":[[-4.418,0],[0,4.418],[4.418,0],[0,-4.418]],"v":[[7,-135],[-1,-127],[7,-119],[15,-127]],"c":true}]},{"i":{"x":0.667,"y":1},"o":{"x":0.333,"y":0},"t":19,"s":[{"i":[[28.167,0],[0,-28.167],[-28.167,0],[0,28.167]],"o":[[-28.167,0],[0,28.167],[28.167,0],[0,-28.167]],"v":[[7,-56],[-44,-5],[7,46],[58,-5]],"c":true}]},{"i":{"x":0.667,"y":1},"o":{"x":0.333,"y":0},"t":22,"s":[{"i":[[28.167,0],[0,-28.167],[-28.167,0],[0,28.167]],"o":[[-28.167,0],[0,28.167],[28.167,0],[0,-28.167]],"v":[[7,-79.5],[-44,-28.5],[7,22.5],[58,-28.5]],"c":true}]},{"t":24,"s":[{"i":[[28.167,0],[0,-28.167],[-28.167,0],[0,28.167]],"o":[[-28.167,0],[0,28.167],[28.167,0],[0,-28.167]],"v":[[7,-69.5],[-44,-18.5],[7,32.5],[58,-18.5]],"c":true}]}],"ix":2},"nm":"Path 3","mn":"ADBE Vector Shape - Group","hd":false},{"ind":1,"ty":"sh","ix":2,"ks":{"a":1,"k":[{"i":{"x":0,"y":1},"o":{"x":0.333,"y":0},"t":0,"s":[{"i":[[28.167,0],[0,-28.167],[-28.167,0],[0,28.167]],"o":[[-28.167,0],[0,28.167],[28.167,0],[0,-28.167]],"v":[[7,-69.5],[-44,-18.5],[7,32.5],[58,-18.5]],"c":true}]},{"i":{"x":0.833,"y":0.833},"o":{"x":1,"y":0},"t":3,"s":[{"i":[[28.167,0],[0,-28.167],[-28.167,0],[0,28.167]],"o":[[-28.167,0],[0,28.167],[28.167,0],[0,-28.167]],"v":[[7,-114.5],[-44,-63.5],[7,-12.5],[58,-63.5]],"c":true}]},{"i":{"x":0.833,"y":0.833},"o":{"x":0.167,"y":0.167},"t":6,"s":[{"i":[[28.167,0],[0,-28.167],[-28.167,0],[0,28.167]],"o":[[-28.167,0],[0,28.167],[28.167,0],[0,-28.167]],"v":[[7,-82],[-44,-31],[7,20],[58,-31]],"c":true}]},{"i":{"x":0.833,"y":0.833},"o":{"x":0.167,"y":0.167},"t":7,"s":[{"i":[[28.166,0],[-6.216,-30.457],[-28.167,0],[-6.27,30.934]],"o":[[-28.167,0],[10,49],[28.167,0],[7.5,-37]],"v":[[7,-69.5],[-40,-17.5],[9.5,51.5],[54.5,-14.5]],"c":true}]},{"i":{"x":0.833,"y":0.833},"o":{"x":0.167,"y":0.167},"t":8,"s":[{"i":[[21.807,0],[-4.238,-30.457],[-21.808,0],[-4.275,30.934]],"o":[[-21.808,0],[6.818,49],[21.807,0],[5.114,-37]],"v":[[7.201,-15.5],[-23.762,49],[9.137,105.5],[40.671,52]],"c":true}]},{"t":9,"s":[{"i":[[21.807,0],[-4.238,-30.457],[-21.808,0],[-4.275,30.934]],"o":[[-21.808,0],[6.818,49],[21.807,0],[5.114,-37]],"v":[[7.806,85.5],[-23.158,150],[9.741,206.5],[41.275,153]],"c":true}]}],"ix":2},"nm":"Path 2","mn":"ADBE Vector Shape - Group","hd":false},{"ty":"st","c":{"a":0,"k":[0,0,0,1],"ix":3},"o":{"a":0,"k":100,"ix":4},"w":{"a":0,"k":0,"ix":5},"lc":1,"lj":1,"ml":4,"bm":9,"nm":"Stroke 1","mn":"ADBE Vector Graphic - Stroke","hd":false},{"ty":"tr","p":{"a":0,"k":[-4,-101.5],"ix":2},"a":{"a":0,"k":[0,0],"ix":1},"s":{"a":0,"k":[100,100],"ix":3},"r":{"a":0,"k":0,"ix":6},"o":{"a":0,"k":100,"ix":7},"sk":{"a":0,"k":0,"ix":4},"sa":{"a":0,"k":0,"ix":5},"nm":"Transform"}],"nm":"Ellipse 1","np":3,"cix":2,"bm":0,"ix":1,"mn":"ADBE Vector Group","hd":false},{"ty":"fl","c":{"a":0,"k":[0,0,0,1],"ix":4},"o":{"a":0,"k":100,"ix":5},"r":1,"bm":0,"nm":"Fill 1","mn":"ADBE Vector Graphic - Fill","hd":false}],"ip":0,"op":81,"st":0,"bm":0},{"ddd":0,"ind":5,"ty":4,"nm":"Shape Layer 3","tt":2,"sr":1,"ks":{"o":{"a":0,"k":100,"ix":11},"r":{"a":0,"k":0,"ix":10},"p":{"a":0,"k":[245.982,299.5,0],"ix":2,"l":2},"a":{"a":0,"k":[1.982,43,0],"ix":1,"l":2},"s":{"a":0,"k":[100,100,100],"ix":6,"l":2}},"ao":0,"shapes":[{"ty":"gr","it":[{"ind":0,"ty":"sh","ix":1,"ks":{"a":1,"k":[{"i":{"x":0.667,"y":1},"o":{"x":0.167,"y":0.167},"t":6,"s":[{"i":[[0,0],[0,0],[0,26.708],[0,-20.873],[0,0],[0,0]],"o":[[0,0],[0,0],[0,-23.961],[0,17.399],[0,0],[0,0]],"v":[[-29.842,65.426],[-48.773,65.426],[-74.419,37.852],[-41.163,35.617],[-64.025,52.563],[-88.656,52.563]],"c":false}]},{"i":{"x":0.667,"y":1},"o":{"x":0.333,"y":0},"t":9,"s":[{"i":[[0,0],[0,0],[0,-0.266],[0,0.208],[0,0],[0,0]],"o":[[0,0],[0,0],[0,0.238],[0,-0.173],[0,0],[0,0]],"v":[[-37.171,93.139],[-62.257,91.737],[-89.807,92.012],[-54.082,92.034],[-78.642,91.865],[-118.101,91.961]],"c":false}]},{"i":{"x":0.667,"y":1},"o":{"x":0.333,"y":0},"t":11,"s":[{"i":[[0,0],[0,0],[0,31.663],[0,-24.745],[0,0],[0,0]],"o":[[0,0],[0,0],[0,-28.406],[0,20.627],[0,0],[0,0]],"v":[[-22.426,61.595],[-40.105,61.595],[-64.056,28.906],[-32.998,26.256],[-54.349,46.346],[-77.351,46.346]],"c":false}]},{"i":{"x":0.667,"y":1},"o":{"x":0.167,"y":0},"t":13,"s":[{"i":[[0,0],[0,0],[0,20.692],[0,-16.171],[0,0],[0,0]],"o":[[0,0],[0,0],[0,-18.564],[0,13.48],[0,0],[0,0]],"v":[[-29.842,65.426],[-48.773,65.426],[-74.419,44.064],[-41.163,42.332],[-64.025,55.461],[-88.656,55.461]],"c":false}]},{"t":15,"s":[{"i":[[0,0],[0,0],[0,26.708],[0,-20.873],[0,0],[0,0]],"o":[[0,0],[0,0],[0,-23.961],[0,17.399],[0,0],[0,0]],"v":[[-29.842,65.426],[-48.773,65.426],[-74.419,37.852],[-41.163,35.617],[-64.025,52.563],[-88.656,52.563]],"c":false}]}],"ix":2},"nm":"Path 2","mn":"ADBE Vector Shape - Group","hd":false},{"ind":1,"ty":"sh","ix":2,"ks":{"a":1,"k":[{"i":{"x":0.667,"y":1},"o":{"x":0.167,"y":0.167},"t":6,"s":[{"i":[[0,0],[-7.389,0],[0,0],[-5.553,0.826]],"o":[[6.999,1.354],[0,0],[5.806,0],[0,0]],"v":[[59.428,211.703],[81.021,213.745],[116.634,213.745],[133.684,212.483]],"c":false}]},{"i":{"x":0.667,"y":1},"o":{"x":0.333,"y":0},"t":9,"s":[{"i":[[0,0],[-7.389,0],[0,0],[-17.28,-14.485]],"o":[[4.349,5.648],[0,0],[5.806,0],[0,0]],"v":[[36.355,227.073],[81.021,218.995],[116.634,218.995],[150.03,230.735]],"c":false}]},{"i":{"x":0.667,"y":1},"o":{"x":0.333,"y":0},"t":11,"s":[{"i":[[0,0],[-7.389,0],[0,0],[-5.604,0.346]],"o":[[7.117,0.407],[0,0],[5.784,0.499],[0,0]],"v":[[63.165,207.911],[81.021,213.745],[113.983,210.497],[131.078,210.705]],"c":false}]},{"i":{"x":0.667,"y":1},"o":{"x":0.167,"y":0},"t":13,"s":[{"i":[[0,0],[-7.389,0],[0,0],[-5.553,0.826]],"o":[[6.999,1.354],[0,0],[5.806,0],[0,0]],"v":[[59.428,211.703],[81.021,213.745],[116.634,213.745],[133.684,212.483]],"c":false}]},{"t":15,"s":[{"i":[[0,0],[-7.389,0],[0,0],[-5.553,0.826]],"o":[[6.999,1.354],[0,0],[5.806,0],[0,0]],"v":[[59.428,211.703],[81.021,213.745],[116.634,213.745],[133.684,212.483]],"c":false}]}],"ix":2},"nm":"Path 4","mn":"ADBE Vector Shape - Group","hd":false},{"ind":2,"ty":"sh","ix":3,"ks":{"a":1,"k":[{"i":{"x":0.667,"y":1},"o":{"x":0.167,"y":0.167},"t":6,"s":[{"i":[[0,0],[0,0],[0,0],[-7.962,0],[0,0],[0,0],[-7.928,7.928],[-4.658,22.144],[0,0],[0,10.624],[0,0],[10.624,0],[0,0],[23.842,14.479],[-23.314,18.197],[15.65,-32.355],[0,0],[20.767,-20.767],[0,-31.712],[-33.594,-20.032],[0,0],[-7.962,0],[0,0],[0,0],[0,0]],"o":[[0,0],[0,0],[0,7.94],[0,0],[0,0],[9.982,-5.324],[15.443,-15.443],[0,0],[10.624,0],[0,0],[0,-10.624],[0,0],[-8.307,-27.192],[0,0],[-26.687,-2.685],[0,0],[-31.712,0],[-20.79,20.79],[0,41.947],[0,0],[0,7.94],[0,0],[0,0],[0,0],[0,0]],"v":[[133.684,198.348],[133.684,212.483],[133.684,223.612],[148.094,238],[170.834,238],[170.834,200.161],[197.82,180.129],[228.981,122.739],[234.052,122.739],[253.305,103.487],[253.305,84.533],[234.052,65.28],[226.434,65.28],[176.135,0.708],[197.957,-49.315],[128.016,-15.997],[81.021,-15.882],[-0.164,17.735],[-33.804,98.943],[22.278,197.614],[22.278,223.612],[36.688,238],[59.428,238],[59.428,211.703],[59.428,198.348]],"c":false}]},{"i":{"x":0.667,"y":1},"o":{"x":0.333,"y":0},"t":9,"s":[{"i":[[0,0],[0,0],[0,0],[-5.148,6.075],[0,0],[0,0],[-7.928,7.928],[-5.004,18.601],[0,0],[0,8.925],[0,0],[11.413,0],[0,0],[25.612,12.163],[-14.543,6.745],[20.592,-16.243],[0,0],[22.309,-17.444],[0,-26.638],[-35.087,-23.669],[0,0],[-5.968,-5.271],[0,0],[0,0],[0,0]],"o":[[0,0],[0,0],[6.057,5.133],[0,0],[0,0],[8.852,-1.426],[15.443,-15.443],[0,0],[11.413,0],[0,0],[0,-8.924],[0,0],[-8.923,-22.841],[0,0],[-23.043,-14.755],[0,0],[-34.067,0],[-22.333,17.463],[0,35.235],[0,0],[-5.256,5.951],[0,0],[0,0],[0,0],[0,0]],"v":[[139.246,221.596],[150.03,230.735],[159.271,234.18],[179.563,232.488],[193.515,218.89],[164.648,194.426],[197.82,180.129],[240.87,141.282],[257.818,141.063],[278.5,124.891],[278.5,108.97],[257.818,92.798],[238.134,93.016],[184.1,38.775],[211.543,19.255],[132.408,24.743],[81.924,24.839],[-5.289,53.078],[-41.427,121.293],[17.837,191.919],[0.626,211.406],[1.902,231.729],[6.697,237.032],[36.355,227.073],[50.445,223.313]],"c":false}]},{"i":{"x":0.667,"y":1},"o":{"x":0.333,"y":0},"t":11,"s":[{"i":[[0,0],[0,0],[0,0],[-7.933,-0.684],[0,0],[0,0],[-7.404,8.176],[-4.35,22.835],[0,0],[0,10.956],[0,0],[9.922,0],[0,0],[22.265,14.932],[-9.812,19.731],[21.505,-24.128],[0,0],[19.394,-21.416],[0,-32.703],[-35.968,-15.366],[0,0],[-7.891,1.063],[0,0],[0,0],[0,0]],"o":[[0,0],[0,0],[-0.682,7.91],[0,0],[0,0],[10.402,-4.446],[14.422,-15.926],[0,0],[9.922,0],[0,0],[0,-10.956],[0,0],[-7.757,-28.041],[0,0],[-16.312,7.231],[0,0],[-29.616,0],[-19.415,21.439],[0,43.257],[0,0],[1.06,7.868],[0,0],[0,0],[0,0],[0,0]],"v":[[132.292,196.622],[131.078,210.705],[130.121,221.793],[143.242,237.366],[165.898,239.32],[169.15,201.621],[190.183,179.881],[219.285,120.698],[224.021,120.698],[242,100.844],[242,81.298],[224.021,61.445],[216.906,61.445],[169.933,-5.145],[182.312,-64.731],[124.995,-22.372],[81.107,-22.254],[5.29,12.414],[-26.126,96.159],[24.466,198.91],[27.938,224.676],[44.141,237.01],[66.677,233.973],[63.165,207.911],[61.382,194.676]],"c":false}]},{"i":{"x":0.667,"y":1},"o":{"x":0.167,"y":0},"t":13,"s":[{"i":[[0,0],[0,0],[0,0],[-7.962,0],[0,0],[0,0],[-7.928,7.928],[-4.658,22.144],[0,0],[0,10.624],[0,0],[10.624,0],[0,0],[23.842,14.479],[-23.314,18.197],[15.65,-32.355],[0,0],[20.767,-20.767],[0,-31.712],[-33.594,-20.032],[0,0],[-7.962,0],[0,0],[0,0],[0,0]],"o":[[0,0],[0,0],[0,7.94],[0,0],[0,0],[9.982,-5.324],[15.443,-15.443],[0,0],[10.624,0],[0,0],[0,-10.624],[0,0],[-8.307,-27.192],[0,0],[-26.687,-2.685],[0,0],[-31.712,0],[-20.79,20.79],[0,41.947],[0,0],[0,7.94],[0,0],[0,0],[0,0],[0,0]],"v":[[133.684,198.348],[133.684,212.483],[133.684,223.612],[148.094,238],[170.834,238],[170.834,200.161],[197.82,180.129],[228.981,122.739],[234.052,122.739],[253.305,103.487],[253.305,84.533],[234.052,65.28],[226.434,65.28],[176.135,0.708],[200.457,-41.815],[128.016,-15.997],[81.021,-15.882],[-0.164,17.735],[-33.804,98.943],[22.278,197.614],[22.278,223.612],[36.688,238],[59.428,238],[59.428,211.703],[59.428,198.348]],"c":false}]},{"t":15,"s":[{"i":[[0,0],[0,0],[0,0],[-7.962,0],[0,0],[0,0],[-7.928,7.928],[-4.658,22.144],[0,0],[0,10.624],[0,0],[10.624,0],[0,0],[23.842,14.479],[-23.314,18.197],[15.65,-32.355],[0,0],[20.767,-20.767],[0,-31.712],[-33.594,-20.032],[0,0],[-7.962,0],[0,0],[0,0],[0,0]],"o":[[0,0],[0,0],[0,7.94],[0,0],[0,0],[9.982,-5.324],[15.443,-15.443],[0,0],[10.624,0],[0,0],[0,-10.624],[0,0],[-8.307,-27.192],[0,0],[-26.687,-2.685],[0,0],[-31.712,0],[-20.79,20.79],[0,41.947],[0,0],[0,7.94],[0,0],[0,0],[0,0],[0,0]],"v":[[133.684,198.348],[133.684,212.483],[133.684,223.612],[148.094,238],[170.834,238],[170.834,200.161],[197.82,180.129],[228.981,122.739],[234.052,122.739],[253.305,103.487],[253.305,84.533],[234.052,65.28],[226.434,65.28],[176.135,0.708],[197.957,-49.315],[128.016,-15.997],[81.021,-15.882],[-0.164,17.735],[-33.804,98.943],[22.278,197.614],[22.278,223.612],[36.688,238],[59.428,238],[59.428,211.703],[59.428,198.348]],"c":false}]}],"ix":2},"nm":"Path 5","mn":"ADBE Vector Shape - Group","hd":false},{"ty":"st","c":{"a":0,"k":[0.2,0.2,0.2,1],"ix":3},"o":{"a":0,"k":100,"ix":4},"w":{"a":0,"k":12,"ix":5},"lc":2,"lj":2,"bm":0,"nm":"Stroke 1","mn":"ADBE Vector Graphic - Stroke","hd":false},{"ty":"tr","p":{"a":0,"k":[-88,-78],"ix":2},"a":{"a":0,"k":[0,0],"ix":1},"s":{"a":0,"k":[100,100],"ix":3},"r":{"a":0,"k":0,"ix":6},"o":{"a":0,"k":100,"ix":7},"sk":{"a":0,"k":0,"ix":4},"sa":{"a":0,"k":0,"ix":5},"nm":"Transform"}],"nm":"Ellipse 1","np":4,"cix":2,"bm":0,"ix":1,"mn":"ADBE Vector Group","hd":false}],"ip":0,"op":120,"st":0,"bm":0}],"markers":[{"tm":13,"cm":"1","dr":0},{"tm":34,"cm":"2","dr":0},{"tm":48,"cm":"4","dr":0}]}